id,seo
1521,"{""title"":""Viral oder bakteriell? Warum der Unterschied wichtig ist"",""meta_description"":""Viral oder bakteriell: Erfahre, warum die Unterscheidung bei Infektionen wichtig ist und was das für Diagnostik und Behandlung bedeutet.""}"
1522,"{""title"":""Antibiotika: wann sinnvoll, wann nicht | AustroFit"",""meta_description"":""Wann Antibiotika helfen, wann sie nicht wirken und wie Antibiotikaresistenzen entstehen – verständlich erklärt für den Alltag.""}"
1523,"{""title"":""Tests bei Infekten: Schnelltest, PCR, CRP – Orientierung"",""meta_description"":""Was Schnelltests, PCR und Laboruntersuchungen bei Infekten leisten, wie zuverlässig sie sind und wie du Ergebnisse einordnen kannst.""}"
1524,"{""title"":""Laborwerte verstehen: Referenzbereiche | AustroFit"",""meta_description"":""Was Laborwerte aussagen, warum Referenzbereiche wichtig sind und wann Abweichungen ärztlich geklärt werden sollten – verständlich erklärt.""}"
1525,"{""title"":""Cholesterin, LDL, HDL & Triglyceride verständlich erklärt"",""meta_description"":""Orientierung zu Cholesterin und Blutfetten: Bedeutung von LDL, HDL und Triglyceriden, typische Mythen und wann ärztliche Abklärung sinnvoll ist.""}"
1526,"{""title"":""Entzündungswerte verstehen: CRP, Leukozyten & Co."",""meta_description"":""Was sagen CRP, Leukozyten, BSG und IL-6 aus? Orientierung zu Entzündungswerten, verständlich erklärt und evidenzbasiert.""}"
1527,"{""title"":""Beipackzettel richtig lesen: Wirkstoffe & Hinweise verstehen"",""meta_description"":""Was steht im Beipackzettel, wofür ist ein Medikament zugelassen und wie liest man die Infos richtig? Eine ruhige Orientierung für den Alltag.""}"
1528,"{""title"":""Sichere Anwendung vor der Einnahme klären | Orientierung"",""meta_description"":""Was du vor der Einnahme von Medikamenten klären solltest – verständlich erklärt, mit klarer Orientierung und Quellen Mehr dazu auf AustroFit.""}"
1529,"{""title"":""Schmerz- & Fiebermittel: Paracetamol, Ibuprofen | AustroFit"",""meta_description"":""Was Schmerz- und Fiebermittel leisten können, wo typische Risiken liegen und wann ärztliche Abklärung sinnvoll ist Mehr dazu auf AustroFit.""}"
1530,"{""title"":""Akute vs. chronische Schmerzen: Unterschied verstehen"",""meta_description"":""Was unterscheidet akute von chronischen Schmerzen – und warum ist das wichtig? Erfahre, wie Schutzfunktion, Diagnose und Behandlung sich unterscheiden.""}"
1531,"{""title"":""Was hilft im Alltag? Wärme, Bewegung & Erholung | AustroFit"",""meta_description"":""Wärme, Bewegung oder Erholung? Erfahre, was im Alltag helfen kann, welche Mythen es gibt und wann ärztliche Hilfe sinnvoll ist.""}"
1532,"{""title"":""Schmerzen & Warnzeichen: Wann solltest du zum Arzt?"",""meta_description"":""Welche Schmerzen sind harmlos, welche Warnzeichen solltest du ernst nehmen? Eine ruhige, evidenzbasierte Orientierung Mehr dazu auf AustroFit.""}"
1533,"{""title"":""Wann zum Arzt? Warnzeichen, Dauer & Risiko | AustroFit"",""meta_description"":""Orientierung, wann ein Arztbesuch sinnvoll oder dringend ist: Warnzeichen, zeitlicher Verlauf und individuelle Risiken ruhig erklärt.""}"
1534,"{""title"":""Fieber & Infekt richtig einordnen: Hausmittel | AustroFit"",""meta_description"":""Fieber verstehen: Was steckt dahinter, was hilft im Alltag und wann ärztliche Hilfe wichtig ist Mehr dazu auf AustroFit.""}"
1535,"{""title"":""Brustschmerz & Atemnot: Warnzeichen richtig deuten"",""meta_description"":""Was bedeuten Brustschmerzen, Atemnot und starke Schmerzen? Erfahre, wann Abwarten okay ist – und wann du sofort handeln solltest.""}"
1536,"{""title"":""MRT, CT, Röntgen: Unterschiede & Strahlung einfach erklärt"",""meta_description"":""Was unterscheidet MRT, CT und Röntgen? Hier findest du eine verständliche Orientierung zu Einsatz, Nutzen und Strahlung.""}"
1537,"{""title"":""Befund-Sprache verstehen: „unklar“, „auffällig“ | AustroFit"",""meta_description"":""Medizinische Befunde verständlich erklärt: Bedeutung häufiger Begriffe, Referenzwerte, nächste Schritte und wann ärztlich abklären.""}"
1538,"{""title"":""Kontrastmittel – Nutzen, Risiken | AustroFit"",""meta_description"":""Was Kontrastmittel sind, warum sie verwendet werden und wann du besonders aufmerksam sein solltest – ruhig erklärt und evidenzbasiert.""}"
1539,"{""title"":""Wie Alkohol wirkt: Körper, Gehirn, Schlaf | AustroFit"",""meta_description"":""Wie Alkohol auf Körper, Gehirn und Schlaf wirkt, wie er abgebaut wird und welche Einordnung für den Alltag sinnvoll ist.""}"
1540,"{""title"":""Gesundheitsrisiken: Blutdruck, Krebs, Leber | AustroFit"",""meta_description"":""Ein evidenzbasierter Überblick zu Blutdruck, Krebs und Leber: verständlich, ruhig und alltagsnah erklärt Mehr dazu auf AustroFit.""}"
1541,"{""title"":""Alkohol reduzieren statt verbieten – Strategien | AustroFit"",""meta_description"":""Evidenzbasierte Infos zum Reduzieren von Alkohol: Strategien, Warnsignale und wann ärztliche Hilfe wichtig ist Mehr dazu auf AustroFit.""}"
1542,"{""title"":""Ziele setzen & planen – realistisch starten und umsetzen"",""meta_description"":""Realistische Ziele setzen, kleine Schritte planen und motiviert bleiben: alltagstaugliche Umsetzungshilfen auf evidenzbasierter Grundlage.""}"
1543,"{""title"":""Motivation & Belohnung: Warum wir scheitern – und was hilft"",""meta_description"":""Evidenzbasierte Einordnung zu Motivation, Belohnung und Verhalten: warum Veränderungen schwerfallen und welche Schritte helfen können.""}"
1544,"{""title"":""Rückfall & Neustart: Stress bewältigen | AustroFit"",""meta_description"":""Was Rückfälle begünstigt, wie Stress wirkt und warum soziale Unterstützung beim Neustart hilft – ruhig erklärt und evidenzbasiert.""}"
1545,"{""title"":""Bewegung wirkt: Ausdauer, Kraft & Alltagsschritte erklärt"",""meta_description"":""Was Ausdauer, Krafttraining und Bewegung im Alltag bewirken – verständlich erklärt, evidenzbasiert und alltagsnah Mehr dazu auf AustroFit.""}"
1546,"{""title"":""Sitzen im Alltag: Pausen, Schritte & kleine Hebel"",""meta_description"":""Was langes Sitzen bedeutet, welche Rolle Schritte und Pausen spielen und was im Alltag sinnvoll ist – verständlich erklärt.""}"
1547,"{""title"":""Muskelkater, Aufwärmen & Regeneration | AustroFit"",""meta_description"":""Warum langsames Starten, Regeneration und ein bewusster Umgang mit Beschwerden wichtig sind – verständlich erklärt für den Alltag.""}"
1548,"{""title"":""Überlastung vermeiden: Sehnen & Gelenke richtig belasten"",""meta_description"":""Überlastung erkennen und vermeiden: Warum Dosierung zählt, was du selbst tun kannst und wann ärztliche Hilfe wichtig ist.""}"
1549,"{""title"":""Sportverletzungen: Erste Schritte & wann abklären?"",""meta_description"":""Typische Sportverletzungen verstehen: erste Orientierung, was du selbst tun kannst und wann ärztliche Hilfe sinnvoll ist.""}"
1550,"{""title"":""Ernährung verstehen: Energie, Makros | AustroFit"",""meta_description"":""Was Energiezufuhr, ausgewogene Ernährung und Alltagstauglichkeit bedeuten – verständlich erklärt, evidenzbasiert und ohne Mythen.""}"
1551,"{""title"":""Abnehmen & Gewicht: evidenzbasiert, ohne Diät-Mythen"",""meta_description"":""Nachhaltig abnehmen: Was wirklich wirkt, welche Mythen nicht halten – und was das für deinen Alltag bedeutet Mehr dazu auf AustroFit.""}"
1552,"{""title"":""Zucker & Getränke: Softdrinks, Fruchtsaft | AustroFit"",""meta_description"":""Was Zucker, Softdrinks, Fruchtsaft und Süßstoffe mit Blutzucker, Diabetes, Karies und Mythen zu tun haben – sachlich eingeordnet.""}"
1553,"{""title"":""Fette & Salz: Herzgesund essen – ohne Übertreibung"",""meta_description"":""Herzgesund essen mit Fetten und Salz: Was wirklich zählt, welche Mythen es gibt und was du im Alltag beachten kannst Mehr dazu auf AustroFit.""}"
1554,"{""title"":""Koffein verstehen: Wirkung, Abbau & Unterschiede | AustroFit"",""meta_description"":""Warum Koffein nicht bei allen gleich wirkt, was Studien wirklich zeigen und welche Mythen verbreitet sind – verständlich und evidenzbasiert erklärt.""}"
1555,"{""title"":""Koffein & Schlaf/Stress – Orientierung | AustroFit"",""meta_description"":""Was Schlaf und Stress im Alltag bedeuten, warum erholsamer Schlaf wichtig ist und wann ärztliche Abklärung sinnvoll sein kann.""}"
1556,"{""title"":""Energydrinks: Risiken, Zucker & Koffein verständlich erklärt"",""meta_description"":""Wie Energydrinks wirken, welche Risiken möglich sind und warum sie für Kinder ungeeignet sind – eine ruhige, evidenzbasierte Einordnung.""}"
1557,"{""title"":""Rauchen & Gesundheit: Risiken, Schäden und Passivrauch"",""meta_description"":""Was Rauchen und Passivrauch für die Gesundheit bedeuten – kompakt, verständlich und evidenzbasiert eingeordnet Mehr dazu auf AustroFit.""}"
1558,"{""title"":""Rauchstopp: Entzug, Cravings & Strategien – Orientierung"",""meta_description"":""Was beim Aufhören hilft: Entzug und Cravings verstehen, Strategien einordnen und Rückfälle nüchtern betrachten Mehr dazu auf AustroFit.""}"
1559,"{""title"":""E-Zigaretten & Tabakerhitzer: Orientierung | AustroFit"",""meta_description"":""Was weiß man über E-Zigaretten wirklich? Erfahre, welche Wirkungen bekannt sind, wo Unsicherheit besteht und was das im Alltag bedeutet.""}"
1560,"{""title"":""Schlaf verstehen: Schlafphasen, Bedarf | AustroFit"",""meta_description"":""Wie Schlaf funktioniert, welche Phasen es gibt, wie viel Schlaf du brauchst und warum guter Schlaf so wichtig für Gesundheit und Alltag ist.""}"
1561,"{""title"":""Schlafhygiene verstehen: Licht, Routine | AustroFit"",""meta_description"":""Was hilft wirklich beim Schlafen? Erfahre, welche Rolle Licht, Gewohnheiten und Alltag für erholsamen Schlaf spielen – evidenzbasiert und verständlich.""}"
1562,"{""title"":""Schichtarbeit & Jetlag: Schlaf im Ausnahmemodus verstehen"",""meta_description"":""Warum Schichtarbeit und Jetlag müde machen, was du selbst tun kannst und wann medizinische Abklärung sinnvoll ist Mehr dazu auf AustroFit.""}"
1563,"{""title"":""Stress verstehen: Symptome, Körperreaktionen & Orientierung"",""meta_description"":""Was Stress im Körper auslöst, wie er sich äußert und wann er problematisch wird – verständlich erklärt und evidenzbasiert.""}"
1564,"{""title"":""Entspannung & Tools im Alltag: Pausen, Bewegung, Routinen"",""meta_description"":""Was hilft im Alltag bei Entspannung? Evidenzbasierte Einordnung zu Pausen, Bewegung, Routinen und achtsamer Nutzung Mehr dazu auf AustroFit.""}"
1565,"{""title"":""Burnout & Arbeit: Warnzeichen erkennen, Depression abgrenzen"",""meta_description"":""Burnout im Job verstehen: typische Warnzeichen, Abgrenzung zur Depression und sinnvolle nächste Schritte zur Orientierung.""}"
1566,"{""title"":""Supplements: sinnvoll oder Marketing? | AustroFit"",""meta_description"":""Was Nahrungsergänzungsmittel leisten können – und wo Versprechen nicht belegt sind. Eine verständliche, evidenzbasierte Orientierung für den Alltag.""}"
1567,"{""title"":""Vitamin D: Spiegel, Mangel & Sonne verständlich erklärt"",""meta_description"":""Einordnung zu Vitamin D: Bildung durch Sonne, Bedeutung für den Körper und warum ein Mangel nicht automatisch Supplemente bedeutet.""}"
1568,"{""title"":""Omega-3, Magnesium, Zink & Co.: Wirkung & Studienlage"",""meta_description"":""Was Studien zu Omega-3, Magnesium und Zink zeigen – verständlich erklärt, ohne Heilsversprechen Mehr dazu auf AustroFit.""}"
1569,"{""title"":""Angst verstehen: Symptome, Körperreaktion & Abklärung"",""meta_description"":""Was ist Angst, welche Symptome sind typisch und wann sollte man sie ärztlich abklären lassen? Ruhige, evidenzbasierte Orientierung.""}"
1570,"{""title"":""Hilfe finden: Hausarzt, Psychotherapie | AustroFit"",""meta_description"":""Welche Hilfe passt? Überblick zu Hausarzt, Psychotherapie und Notfall – ruhig erklärt und evidenzbasiert Mehr dazu auf AustroFit.""}"
1571,"{""title"":""Mythen & Fakten zu Angst & Panik: Was wirklich | AustroFit"",""meta_description"":""Warum Aussagen wie „Reiß dich zusammen“ oft zu kurz greifen und wie du Mythen rund um Angst besser einordnen kannst – verständlich erklärt.""}"
1572,"{""title"":""Depression verstehen: Symptome, Verlauf & Abgrenzung"",""meta_description"":""Erfahre, woran man eine Depression erkennt, wie sie verläuft und wie sie sich von vorübergehender Niedergeschlagenheit unterscheidet.""}"
1573,"{""title"":""Hilfe finden bei psychischer Belastung: Orientierung"",""meta_description"":""Welche Hilfewege es gibt, wie Gespräche, Therapieformen und Anlaufstellen einzuordnen sind – verständlich erklärt Mehr dazu auf AustroFit.""}"
1574,"{""title"":""Erschöpfung & Burnout – Warnzeichen, Abgrenzung | AustroFit"",""meta_description"":""Was Erschöpfung und Burnout bedeuten, wie sie sich abgrenzen lassen und wann ärztliche Hilfe sinnvoll ist – kompakt und evidenzbasiert.""}"
1575,"{""title"":""ADHS verstehen: Symptome, Alltag & Abklärung"",""meta_description"":""Was ADHS bedeutet, wie es sich im Alltag zeigen kann und wann eine Abklärung sinnvoll ist – verständlich erklärt Mehr dazu auf AustroFit.""}"
1576,"{""title"":""Autismus-Spektrum verstehen: Orientierung | AustroFit"",""meta_description"":""Was bedeutet Autismus im Alltag? Verständliche Orientierung zu Merkmalen, Missverständnissen und medizinischer Abklärung.""}"
1577,"{""title"":""Unterstützung finden: Abklärung, Therapie & Alltag"",""meta_description"":""Wie Abklärung, Therapieformen und Unterstützung in Schule und Arbeit einzuordnen sind – ruhig, verständlich, evidenzbasiert.""}"
1578,"{""title"":""Insomnie verstehen: Ein- und Durchschlafprobleme"",""meta_description"":""Was Insomnie ist, warum sie wichtig ist und wann ärztliche Hilfe sinnvoll sein kann – eine evidenzbasierte Orientierung.""}"
1579,"{""title"":""Was hilft bei Schlafproblemen? Beratung | AustroFit"",""meta_description"":""Schlafberatung, Therapieoptionen und klare Orientierung: Was hilft bei Schlafproblemen und wann solltest du ärztlich abklären?""}"
1580,"{""title"":""Schlafmittel einordnen: Nutzen, Risiken & Abhängigkeit"",""meta_description"":""Orientierung zu Schlafmitteln: Nutzen, Risiken, mögliche Abhängigkeit und wann ärztliche Hilfe wichtig ist Mehr dazu auf AustroFit.""}"
1581,"{""title"":""Sucht erkennen: Warnzeichen und Orientierung im Alltag"",""meta_description"":""Welche Warnzeichen auf eine Sucht hinweisen können, wann ärztliche Hilfe sinnvoll ist und wie du erste Veränderungen einordnen kannst.""}"
1582,"{""title"":""Verhaltenssüchte verstehen: Gaming, Kaufen, Sport & Internet"",""meta_description"":""Was Verhaltenssüchte sind, welche Missverständnisse es gibt und wann Unterstützung sinnvoll ist – verständlich erklärt Mehr dazu auf AustroFit.""}"
1583,"{""title"":""Hilfe bei Abhängigkeit: Anlaufstellen & Therapie | AustroFit"",""meta_description"":""Welche Hilfewege gibt es bei Abhängigkeit? Erfahre, wo du anfangen kannst, warum Begleitung wichtig ist und wann ärztliche Hilfe sinnvoll ist.""}"
1584,"{""title"":""Trauma & PTBS verstehen – Symptome, Trigger, Verlauf"",""meta_description"":""Was Trauma und PTBS bedeuten, welche Reaktionen häufig sind und wann ärztliche Hilfe sinnvoll ist – verständlich erklärt.""}"
1585,"{""title"":""Hilfe nach belastenden Ereignissen | AustroFit"",""meta_description"":""Welche Hilfe gibt es nach belastenden Ereignissen? Überblick zu Anlaufstellen, Therapieformen und Orientierung im Alltag.""}"
1586,"{""title"":""Mythen & Fakten zu Trauma: Heilt Zeit wirklich alles?"",""meta_description"":""Warum Aussagen wie „Zeit heilt alles“ zu kurz greifen können und wie du Mythen über psychische Belastungen besser einordnest.""}"
1587,"{""title"":""Früherkennung: Nutzen, Risiken & Überdiagnosen | AustroFit"",""meta_description"":""Ist Früherkennung immer gut? Lies, wann sie nützt, wo Risiken liegen und warum Überdiagnosen eine Rolle spielen Mehr dazu auf AustroFit.""}"
1588,"{""title"":""Tumormarker & Bluttests: Möglichkeiten | AustroFit"",""meta_description"":""Was sagen Tumormarker wirklich aus? Erfahre, wofür Bluttests sinnvoll sind – und warum sie nicht als allgemeiner Krebs-Suchtest geeignet sind.""}"
1589,"{""title"":""Ernährung heilt Krebs? Heilsversprechen erkennen | AustroFit"",""meta_description"":""Hilft Ernährung gegen Krebs? Was stimmt, was nicht – und wie du Heilsversprechen erkennst und kritisch bewertest Mehr dazu auf AustroFit.""}"
1590,"{""title"":""Blutdruck-Mythen verstehen: einmal hoch, Salz & Messfehler"",""meta_description"":""Was bedeutet ein einzelner hoher Blutdruckwert wirklich? Fakten zu Salz, Messungen und häufigen Blutdruck-Mythen – verständlich erklärt.""}"
1591,"{""title"":""Cholesterin & Fette verständlich erklärt | AustroFit"",""meta_description"":""Was bedeuten Cholesterinwerte wirklich? Einordnung von Butter, Eiern sowie gutem und schlechtem Cholesterin auf Basis gesicherter Quellen.""}"
1592,"{""title"":""Herzinfarkt-Mythen: Warnzeichen richtig einordnen"",""meta_description"":""Welche Warnzeichen werden oft missverstanden? Evidenzbasierte Orientierung zu Herzinfarkt-Mythen und richtigem Handeln im Notfall.""}"
1593,"{""title"":""Diabetes-Mythen im Alltag: Was stimmt wirklich?"",""meta_description"":""Ist Diabetes nur eine Frage von Zucker und Schuld? Erfahre, welche Mythen nicht stimmen und worauf es im Alltag ankommt.""}"
1594,"{""title"":""Süßstoffe: Machen sie dick oder Diabetes? | AustroFit"",""meta_description"":""Was sagt die Forschung zu Süßstoffen, Gewicht und Diabetes? Mythen einordnen, Risiken realistisch bewerten und informierte Entscheidungen treffen.""}"
1595,"{""title"":""Low Carb & Keto bei Diabetes: Fakten, Nutzen und Grenzen"",""meta_description"":""Was ist bei Low Carb und Keto für Menschen mit Diabetes plausibel – und was wird überschätzt? Evidenzbasierte Einordnung mit Quellen.""}"
1596,"{""title"":""Detox & Entgiften: Faktencheck zu Mythen und Wirklichkeit"",""meta_description"":""Detox, Entgiften, Schlacken: Was ist wissenschaftlich belegt, was ein Mythos – und was heißt das für deine Gesundheit? Mehr dazu auf AustroFit.""}"
1597,"{""title"":""Zucker-Mythen richtig einordnen: Macht Zucker krank?"",""meta_description"":""Ist Zucker wirklich suchterzeugend oder direkt krankmachend? Ein evidenzbasierter Überblick über verbreitete Zucker-Mythen.""}"
1598,"{""title"":""Low Carb, Keto & Intervallfasten: Nutzen | AustroFit"",""meta_description"":""Was bringen Low Carb, ketogene Diät und ähnliche Trends wirklich? Evidenzbasierter Überblick zu Nutzen, Risiken und Nachhaltigkeit.""}"
1599,"{""title"":""Mikrobiom-Mythen: was gesichert ist – und was Marketing ist"",""meta_description"":""Was weiß man wirklich über das Mikrobiom? Evidenzbasierte Einordnung von Mythen, Studienlage und Alltagstipps – ruhig, verständlich und ohne...""}"
1600,"{""title"":""Gluten, Laktose & Co.: Unverträglichkeiten richtig einordnen"",""meta_description"":""Einordnung von Unverträglichkeiten rund um Gluten, Laktose & Co.: Mythen, Fakten und Orientierung für den Alltag Mehr dazu auf AustroFit.""}"
1601,"{""title"":""Darmreinigung & Detox-Kuren: Was sagt die Evidenz?"",""meta_description"":""Detox-Kuren und Darmreinigungen im Faktencheck: typische Versprechen, wissenschaftliche Einordnung und alltagstaugliche Orientierung.""}"
1602,"{""title"":""Schilddrüsen-Mythen verstehen: Jod, Unter- & Überfunktion"",""meta_description"":""Was stimmt wirklich bei Schilddrüsen-Mythen? Fakten zu Jod, Unter- und Überfunktion sowie Symptomen – ruhig und evidenzbasiert erklärt.""}"
1603,"{""title"":""„Hormone machen dick“ – was stimmt wirklich?"",""meta_description"":""Erfahre, wie Hormone den Stoffwechsel beeinflussen, welche Mythen es gibt und was das für deinen Alltag bedeutet Mehr dazu auf AustroFit.""}"
1604,"{""title"":""Kinderwunsch & Hormone: Häufige Mythen verständlich erklärt"",""meta_description"":""Was stimmt wirklich zu Hormonen beim Kinderwunsch? Kurzantworten, Mythencheck und klare Orientierung auf Basis verlässlicher Quellen.""}"
1605,"{""title"":""Antibiotika-Mythen: Wann sie helfen – und wann nicht"",""meta_description"":""Erfahre, wann Antibiotika wirklich sinnvoll sind, warum sie bei Viren nicht helfen und wie falscher Einsatz Resistenzen fördert.""}"
1606,"{""title"":""Natürlich ist besser? Chancen und Grenzen von Naturmitteln"",""meta_description"":""Was Naturmittel können, welche Risiken es gibt und wann ärztliche Hilfe sinnvoll ist – evidenzbasiert erklärt Mehr dazu auf AustroFit.""}"
1607,"{""title"":""Long Covid: Mythen, Fakten und Einordnung"",""meta_description"":""Was ist zu Long Covid belegt, was nicht? Ein ruhiger Überblick über typische Behauptungen, Impfungen, Risiken und den Umgang mit unsicheren Therapien.""}"
1608,"{""title"":""ME/CFS verstehen: Abgrenzung, PEM & Missverständnisse"",""meta_description"":""Orientierung zu ME/CFS: Abgrenzung, typische Missverständnisse und wann ärztliche Abklärung wichtig ist Mehr dazu auf AustroFit.""}"
1609,"{""title"":""Pacing & Aktivität: Häufige Fehlannahmen | AustroFit"",""meta_description"":""Was hinter Pacing steckt, warum Über- und Unterforderung problematisch sein können und wie du Aktivität besser einordnen kannst.""}"
1610,"{""title"":""Depression-Mythen einordnen: „nur schlechte Laune?“"",""meta_description"":""Fakten zu Depression: Warum Mythen schaden und wann es sinnvoll ist, Hilfe zu suchen.""}"
1611,"{""title"":""ADHS & Autismus: Mythen verständlich eingeordnet"",""meta_description"":""Sind ADHS und Autismus Mode-Diagnosen? Erfahre, welche Missverständnisse verbreitet sind und warum eine sorgfältige Abklärung entscheidend ist.""}"
1612,"{""title"":""Angst- & Panik-Mythen: Ist Panik gefährlich?"",""meta_description"":""Ist Panik gefährlich? Ist Angst Schwäche? Eine ruhige, evidenzbasierte Einordnung verbreiteter Mythen rund um Angst und Panik.""}"
1613,"{""title"":""Rücken & Haltung: Mythen prüfen, Alltag verstehen"",""meta_description"":""Was sagt die Evidenz zu Haltung, Sitzen und Rücken? Eine sachliche Einordnung gängiger Mythen und was Studien tatsächlich zeigen.""}"
1614,"{""title"":""Akuter Rückenschmerz: Schonung, Belastung & Warnzeichen"",""meta_description"":""Akute Rückenschmerzen verständlich einordnen: Schonung oder Bewegung, typische Missverständnisse und klare Warnzeichen Mehr dazu auf AustroFit.""}"
1615,"{""title"":""Chronische Rückenschmerzen: Kraft, Core | AustroFit"",""meta_description"":""Chronische Rückenschmerzen: Was sagen Studien zu Kraft, Core und Stabilität? Klar, ruhig und evidenzbasiert erklärt Mehr dazu auf AustroFit.""}"
1616,"{""title"":""Chronische Rückenschmerzen: Warum Bewegung | AustroFit"",""meta_description"":""Bei chronischen Rückenschmerzen kann Bewegung helfen, den Alltag wieder besser zu bewältigen. Erfahre, warum Schonung oft nicht sinnvoll ist.""}"
1617,"{""title"":""Rückenschule & Trainingspläne: Was taugt wirklich?"",""meta_description"":""Übungen, Programme und Trainingspläne im Alltag: Was ist sinnvoll, was nicht? Evidenzbasierte Einordnung mit Quellen Mehr dazu auf AustroFit.""}"
1618,"{""title"":""Chronische Rückenschmerzen: Physio, Reha & Alltag"",""meta_description"":""Chronische Rückenschmerzen verstehen: Warum Umsetzung wichtiger ist als Schonung – mit Einordnung zu Physio, Reha und Alltag.""}"
1619,"{""title"":""Knacken, Dehnen & Faszien: Fakten statt Mythen"",""meta_description"":""Was steckt wirklich hinter Faszienrollen, Dehnen und Knacken? Evidenzbasierte Einordnung ohne Übertreibungen – verständlich erklärt.""}"
1620,"{""title"":""Sonnencreme-Mythen erklärt: toxisch, Vitamin D & Filterarten"",""meta_description"":""Was stimmt wirklich über Sonnencreme? Evidenzbasierte Einordnung zu Vitamin D, Sicherheit und häufigen Missverständnissen.""}"
1621,"{""title"":""Solarien-Mythen: Schützt Vorbräunen wirklich?"",""meta_description"":""Vorbräunen im Solarium gilt als Schutz vor Sonnenbrand – doch stimmt das? Erfahre, welche Solarien-Mythen es gibt und was laut Experten wirklich zählt.""}"
1622,"{""title"":""Vitamin D & Sonne: Wie viel Sonne ist sinnvoll?"",""meta_description"":""Was Vitamin D kann, wie es durch Sonne gebildet wird und warum Extreme wenig bringen – evidenzbasiert erklärt Mehr dazu auf AustroFit.""}"
1623,"{""title"":""Vitamine & Mineralstoffe: sinnvoll oder überflüssig?"",""meta_description"":""Wann Vitamine und Mineralstoffe sinnvoll sind, wann sie wenig bringen und wo Risiken liegen – evidenzbasiert und verständlich erklärt.""}"
1624,"{""title"":""Wundermittel erkennen: typische Muster | AustroFit"",""meta_description"":""Lerne typische Muster von Wundermitteln kennen, ordne Gesundheitsversprechen besser ein und triff informierte Entscheidungen im Alltag.""}"
1625,"{""title"":""Koffein & Energy-Drinks: Mythen, Risiken, Grenzwerte"",""meta_description"":""Was du über Koffein und Energy-Drinks wissen solltest: Mythen, Risiken und Einordnung auf Basis verlässlicher Quellen Mehr dazu auf AustroFit.""}"
1626,"{""title"":""Impf-Mythen erkennen: Behauptungen prüfen & Fakten einordnen"",""meta_description"":""Typische Impf-Mythen verstehen, prüfen und einordnen: Was stimmt, was ist missverständlich – und worauf du im Alltag achten kannst.""}"
1627,"{""title"":""UV & Haut: Wirkung von UV-Strahlung und Risiken | AustroFit"",""meta_description"":""Verstehe, was UV-Strahlung mit Haut und Augen macht, warum Sonnenschutz wichtig ist und wann ärztliche Hilfe sinnvoll ist.""}"
1628,"{""title"":""Sonnenschutz im Alltag: SPF verstehen & richtig schützen"",""meta_description"":""Was bedeutet SPF wirklich? Wie helfen Schatten, Kleidung und Alltagsschutz? Eine ruhige Orientierung zum Sonnenschutz mit geprüften Quellen.""}"
1629,"{""title"":""Solarium & künstliche UV: Risiken, Mythen und Fakten"",""meta_description"":""Was künstliche UV-Strahlung bedeutet, welche Missverständnisse es gibt und warum Vorbräunen nicht schützt – verständlich erklärt.""}"
1630,"{""title"":""Vitamin D & Sonne: Zusammenhang einfach erklärt"",""meta_description"":""Erfahre, wie Vitamin D durch Sonne gebildet wird, warum es wichtig ist und welche Missverständnisse es gibt – evidenzbasiert und ohne...""}"
1631,"{""title"":""Impfungen verstehen: Nutzen, Risiken, Wirksamkeit"",""meta_description"":""Evidenzbasierter Überblick zu Impfungen: Nutzen für Einzelne und Gesellschaft, Wirksamkeit laut Studien, häufige Mythen und praktische Hinweise.""}"
1632,"{""title"":""Impfplan Österreich verstehen: Überblick & Orientierung"",""meta_description"":""Was bedeutet der österreichische Impfplan im Alltag? Eine verständliche Orientierung zur Logik hinter Prävention, Risikoabschätzung und ärztlicher...""}"
1633,"{""title"":""Impfplan Österreich für Kinder & Jugendliche – Orientierung"",""meta_description"":""Was der Impfplan in Österreich für Kinder und Jugendliche empfiehlt, warum er wichtig ist und wann ärztliche Beratung sinnvoll ist.""}"
1634,"{""title"":""Impfplan Österreich für Erwachsene & Senioren – Orientierung"",""meta_description"":""Was der Impfplan in Österreich für Erwachsene und Senioren bedeutet, warum Impfungen wichtig sind und wie du dich im Alltag orientieren kannst.""}"
1635,"{""title"":""Impfplan Österreich in Schwangerschaft | AustroFit"",""meta_description"":""Was du zum Impfplan in Österreich bei Kinderwunsch, Schwangerschaft und Stillzeit wissen solltest – evidenzbasiert und alltagsnah erklärt.""}"
1636,"{""title"":""Indikationsimpfungen & Reisemedizin – Orientierung"",""meta_description"":""Was du über Indikationsimpfungen auf Reisen wissen solltest: empfohlene Impfungen, typische Risiken und ärztliche Beratung.""}"
1637,"{""title"":""Indikationsimpfungen bei Beruf & Exposition – Orientierung"",""meta_description"":""Was bedeuten Indikationsimpfungen im beruflichen oder ausbildungsbezogenen Kontext? Überblick, Einordnung und nächster Schritt – evidenzbasiert.""}"
1638,"{""title"":""Indikationsimpfungen bei chronischen | AustroFit"",""meta_description"":""Erfahre verständlich, warum Impfungen bei chronischen Erkrankungen oder Immunsuppression individuell geplant werden und was das im Alltag bedeutet.""}"
1639,"{""title"":""Indikationsimpfungen – besondere Situationen | AustroFit"",""meta_description"":""Was Indikationsimpfungen sind, warum sie in besonderen Situationen wichtig sind und wann ärztliche Abklärung sinnvoll ist.""}"
1640,"{""title"":""Auffrischungen & Impfschutz einfach erklärt"",""meta_description"":""Verständlich erklärt: Auffrischungsimpfungen, Impfschutz, Antikörper und Intervalle – was die Begriffe bedeuten und warum sie wichtig sind.""}"
1641,"{""title"":""Wichtige Impfungen im Überblick: MMR, HPV, Influenza, FSME"",""meta_description"":""Was du über wichtige Impfungen wissen solltest: kurze Einordnung zu MMR, HPV, Influenza und FSME – ruhig, verständlich, evidenzbasiert.""}"
1642,"{""title"":""Mythen vs. Fakten bei Impfungen: Was stimmt wirklich?"",""meta_description"":""Welche Impf-Mythen halten einer wissenschaftlichen Prüfung stand? Ein evidenzbasierter Überblick mit klaren Quellenangaben.""}"
1643,"{""title"":""Krebsfrüherkennung verstehen: Nutzen, Risiken & Überdiagnose"",""meta_description"":""Was Krebsfrüherkennung leisten kann, welche Risiken es gibt und wie du gemeinsam mit Ärztinnen und Ärzten informierte Entscheidungen triffst.""}"
1644,"{""title"":""Darmkrebs-Früherkennung: Stuhltest oder Koloskopie?"",""meta_description"":""Was leisten Stuhltest und Koloskopie bei der Darmkrebs-Früherkennung? Verständliche Orientierung zu Nutzen, Grenzen und nächstem Schritt.""}"
1645,"{""title"":""Mammographie-Screening: Nutzen, Risiken | AustroFit"",""meta_description"":""Was bedeutet Mammographie-Screening im Alltag? Nutzen, Risiken, Missverständnisse und wann ärztliche Abklärung wichtig ist.""}"
1646,"{""title"":""Pap-Test & HPV-Test | AustroFit"",""meta_description"":""Was bedeuten Pap-Test und HPV-Test, warum sind sie wichtig und wie lassen sich Ergebnisse einordnen? Ruhige, evidenzbasierte Orientierung.""}"
1647,"{""title"":""PSA-Test & Prostata: Was die Früherkennung | AustroFit"",""meta_description"":""PSA-Test verständlich erklärt: Bedeutung, Grenzen, häufige Mythen und Orientierung für den Alltag Mehr dazu auf AustroFit.""}"
1648,"{""title"":""Hautkrebs vorbeugen: UV, Sonnenschutz & Warnzeichen"",""meta_description"":""Was UV-Strahlung mit der Haut macht, wie du Sonnenschutz sinnvoll einsetzt, warum Solarien riskant sind und wann Warnzeichen ärztlich abgeklärt...""}"
1649,"{""title"":""Vorsorge bei Kindern & Jugendlichen | AustroFit"",""meta_description"":""Was Vorsorgeuntersuchungen bei Kindern und Jugendlichen leisten, wie sie die Entwicklung begleiten und wann ärztliche Abklärung wichtig ist.""}"
1650,"{""title"":""Schwangerschaft & pränatale Untersuchungen | AustroFit"",""meta_description"":""Was du über Schwangerschaft, Ultraschall und pränatale Tests wissen solltest – sachlich, evidenzbasiert und ohne Empfehlung.""}"
1651,"{""title"":""Frauen- & Männergesundheit in der Vorsorge | AustroFit"",""meta_description"":""Welche Vorsorgeuntersuchungen gibt es für Frauen und Männer, was leisten sie – und wo liegen ihre Grenzen? Evidenzbasierte Orientierung für den Alltag.""}"
1652,"{""title"":""Vorsorge im Alter: Impfungen verstehen und auffrischen"",""meta_description"":""Warum Impfungen und Auffrischungen im Alter wichtig sind, wie du deinen Impfstatus prüfst und wann ärztlicher Rat sinnvoll ist.""}"
1653,"{""title"":""Befunde verstehen & Fragen stellen: Orientierung | AustroFit"",""meta_description"":""Wie du Befunde einordnest, typische Missverständnisse vermeidest und gut vorbereitet ins Arztgespräch gehst Mehr dazu auf AustroFit.""}"
1654,"{""title"":""Schlafapnoe verstehen: Orientierung & Einordnung"",""meta_description"":""Was ist Schlafapnoe, warum ist sie relevant und was bedeutet das im Alltag? Eine evidenzbasierte Orientierung Mehr dazu auf AustroFit.""}"
1655,"{""title"":""Risikofragebögen richtig einordnen: Nutzen, Grenzen & Alltag"",""meta_description"":""Was Risikofragebögen leisten können, wo ihre Grenzen liegen und wie du Ergebnisse sinnvoll nutzt Mehr dazu auf AustroFit.""}"
1656,"{""title"":""Schlaflabor & Diagnostik verstehen: Ablauf der Abklärung"",""meta_description"":""Was passiert bei der Abklärung von Schlafstörungen? Erfahre, wie Gespräch, Überweisung und Schlaflabor zusammenspielen Mehr dazu auf AustroFit.""}"
1657,"{""title"":""Alltagssignale erkennen & Arztgespräch vorbereiten"",""meta_description"":""Erfahre, welche Signale im Alltag wichtig sind, wann du ärztliche Hilfe suchen solltest und wie du dich strukturiert auf das Arztgespräch vorbereitest.""}"
1658,"{""title"":""Früherkennung & Screening: Was wird gesucht – und warum?"",""meta_description"":""Was bedeutet Früherkennung wirklich? Verständliche Einordnung von Nutzen, Risiken und häufigen Missverständnissen rund um Screening-Untersuchungen.""}"
1659,"{""title"":""Nutzen und Risiken von Screening verständlich erklärt"",""meta_description"":""Falsch-positiv, falsch-negativ, Überdiagnose: Was Screening bedeutet und worauf du im Alltag achten solltest Mehr dazu auf AustroFit.""}"
1660,"{""title"":""Krebsfrüherkennung: Darm, Brust, Gebärmutterhals | AustroFit"",""meta_description"":""Was Krebsfrüherkennungen leisten können, wo Missverständnisse liegen und wann ärztliche Abklärung sinnvoll ist – evidenzbasiert erklärt.""}"
1661,"{""title"":""Auffälliger Screening-Befund: Bedeutung & nächste Schritte"",""meta_description"":""Was heißt ein auffälliger Befund nach einem Screening? Erfahre, warum weitere Untersuchungen sinnvoll sind und wie Ärztinnen und Ärzte Ergebnisse...""}"
1662,"{""title"":""Screening entscheiden: hilfreiche Fragen ohne Empfehlung"",""meta_description"":""Wie du Entscheidungen rund um Screening einordnest und welche Fragen dir helfen können – sachlich, verständlich und ohne Empfehlung.""}"
1663,"{""title"":""STI verstehen: Überblick zu Infektionen | AustroFit"",""meta_description"":""Was sind STI, wie werden sie übertragen und was ist häufig? Verständliche Orientierung auf Basis verlässlicher Quellen Mehr dazu auf AustroFit.""}"
1664,"{""title"":""Symptome erkennen: Wann solltest du ärztlich | AustroFit"",""meta_description"":""Orientierung zu typischen Symptomen und Verläufen: Erfahre, wann Abwarten sinnvoll ist und wann du ärztliche Hilfe suchen solltest.""}"
1665,"{""title"":""Tests & Screening: Überblick, Nutzen und Orientierung"",""meta_description"":""Welche Tests es gibt, wann Screening sinnvoll ist und wie Ergebnisse eingeordnet werden – evidenzbasiert und verständlich erklärt.""}"
1666,"{""title"":""Prävention & Safer Sex: Risiko reduzieren ohne Moral"",""meta_description"":""Was Prävention im Alltag bedeutet: Kommunikation, Verhütung, Impfungen und realistische Risikoeinschätzung verständlich erklärt.""}"
1667,"{""title"":""Vorsorge verstehen: Nutzen, Risiken und Grenzen"",""meta_description"":""Was Vorsorge kann – und was nicht: evidenzbasierte Einordnung zu Nutzen, Risiken und Häufigkeit von Vorsorgeuntersuchungen.""}"
1668,"{""title"":""Vorsorgeuntersuchung in Österreich – Ablauf | AustroFit"",""meta_description"":""So läuft die Vorsorgeuntersuchung in Österreich ab: Inhalte, Nutzen, Vorbereitung und was du im Alltag davon hast Mehr dazu auf AustroFit.""}"
1669,"{""title"":""Krebs-Früherkennung: Screenings im Überblick | AustroFit"",""meta_description"":""Welche Krebs-Screenings gibt es, was bringen sie wirklich und für wen sind sie gedacht? Evidenzbasiert erklärt Mehr dazu auf AustroFit.""}"
1670,"{""title"":""Herz-Kreislauf-Risiko verstehen: Blutdruck | AustroFit"",""meta_description"":""Warum Blutdruck, Blutfette und Diabetes-Risiko gemeinsam betrachtet werden sollten – verständlich erklärt und evidenzbasiert.""}"
1671,"{""title"":""Vorsorge entscheiden: Befunde verstehen & gute | AustroFit"",""meta_description"":""Orientierung für Vorsorge-Entscheidungen: Befunde einordnen, Rechte kennen, Gespräche vorbereiten Mehr dazu auf AustroFit.""}"
1672,"{""title"":""Zahngesundheit verstehen: Karies & Vorsorge"",""meta_description"":""Was Karies bedeutet, warum Vorsorge wirkt und welche Schritte im Alltag sinnvoll sind – evidenzbasiert und verständlich erklärt.""}"
1673,"{""title"":""Richtig putzen & Fluorid: Fakten, Nutzen | AustroFit"",""meta_description"":""Erfahre evidenzbasiert, warum Fluorid beim Zähneputzen wichtig ist, welche Risiken diskutiert werden und wie du informierte Entscheidungen triffst.""}"
1674,"{""title"":""Parodontitis – Risiko, Verlauf & Allgemeingesundheit"",""meta_description"":""Was ist Parodontitis, welche Risiken gibt es und warum ist sie wichtig für die Allgemeingesundheit? Ruhige, evidenzbasierte Orientierung.""}"
1675,"{""title"":""Zahngesundheit bei Kindern: Milchzähne, Fluorid | AustroFit"",""meta_description"":""Orientierung zur Zahngesundheit bei Kindern: Warum Milchzähne wichtig sind, wie Vorsorge gelingt und worauf bei Fluorid zu achten ist.""}"
1676,"{""title"":""Warnzeichen im Mund: Wann solltest du ärztlich abklären?"",""meta_description"":""Orientierung zu Warnzeichen im Mund: Blutendes Zahnfleisch, Schmerzen & Co. – wann beobachten, wann abklären? Mehr dazu auf AustroFit.""}"
1677,"{""title"":""Wohin wann? Hausarzt, Facharzt, Ambulanz oder Notfall"",""meta_description"":""Hausarzt, Facharzt, Ambulanz oder Notfall? Diese Übersicht hilft dir, im Alltag die richtige medizinische Anlaufstelle zu wählen.""}"
1678,"{""title"":""Telefonische Beratung & Hotlines: Orientierung | AustroFit"",""meta_description"":""Wann telefonische Beratung und Hotlines sinnvoll sind, welche Rolle sie im Alltag spielen und wie du dich gut auf ein Gespräch vorbereiten kannst.""}"
1679,"{""title"":""Arztbesuch vorbereiten: Unterlagen, Fragen & Symptome"",""meta_description"":""So bereitest du dich gut auf einen Arztbesuch vor: Welche Unterlagen wichtig sind, wie du Fragen festhältst und Symptome klar beschreibst.""}"
1680,"{""title"":""Beschwerden im Gesundheitssystem: Ombudsstellen | AustroFit"",""meta_description"":""Was tun bei Problemen im Gesundheitssystem? Dieser Überblick erklärt verständlich die Rolle von Ombudsstellen und Patient:innenanwaltschaft.""}"
1681,"{""title"":""Beschwerden & Sozialversicherung – Orientierung | AustroFit"",""meta_description"":""Was tun bei Beschwerden? Orientierung zu ärztlicher Abklärung, Alltagseinschätzung und Sozialversicherung (ÖGK, SVS, BVAEB).""}"
1682,"{""title"":""Beschwerden im Gesundheitssystem: Ärztekammern | AustroFit"",""meta_description"":""Orientierung zu Beschwerden bei Ärztekammer, Zahnärztekammer und Berufsvertretungen: Zuständigkeiten, Qualität, Kosten und nächste Schritte.""}"
1683,"{""title"":""Beschwerden im Krankenhaus & in der Pflege – Orientierung"",""meta_description"":""Was tun bei Beschwerden im Krankenhaus, in der Pflege oder gegenüber der Heimaufsicht? Ruhige Orientierung, nächste Schritte und verlässliche Quellen.""}"
1684,"{""title"":""Beschwerden vorbereiten: Dokumentation | AustroFit"",""meta_description"":""Warum es hilft, Beschwerden zu dokumentieren, welche Unterlagen sinnvoll sind und wie du dich auf Arztgespräche vorbereiten kannst.""}"
1685,"{""title"":""Behandlungsfehler verstehen: Rechte | AustroFit"",""meta_description"":""Orientierung bei Verdacht auf einen Behandlungsfehler: Patientenrechte, Dokumentation, Ansprechpartner und sinnvolle nächste Schritte einfach erklärt.""}"
1686,"{""title"":""Patientenakte & Patientenquittung verstehen | AustroFit"",""meta_description"":""Erfahre verständlich, wozu Patientenakte und Gesundheitsübersichten dienen, welche Vorteile sie haben und wie du Informationen sinnvoll nutzt.""}"
1687,"{""title"":""Behandlung koordinieren: Überweisungen & Befunde | AustroFit"",""meta_description"":""Orientierung im Gesundheitssystem: Wer koordiniert die Behandlung, wie Überweisungen funktionieren und was du mit Befunden tun kannst.""}"
1688,"{""title"":""Patientenschulung: Orientierung, Nutzen und Angebote finden"",""meta_description"":""Was Patientenschulungen leisten können, warum sie im Alltag helfen und wie du passende Angebote findest – verständlich und evidenzbasiert.""}"
1689,"{""title"":""Unterstützung im Alltag: Hilfen, Anträge & Versorgungspfade"",""meta_description"":""Orientierung zu Unterstützungsangeboten im Alltag: Hilfen, Anträge und Versorgungspfade verständlich erklärt Mehr dazu auf AustroFit.""}"
1690,"{""title"":""ELGA & Befunde: Zugriff, Einsicht und gespeicherte Daten"",""meta_description"":""Was ist in ELGA gespeichert, wer darf zugreifen und wie kannst du deine Befunde einsehen? Ruhige Orientierung für den Alltag.""}"
1691,"{""title"":""e-Card & Organisation – Überblick und Alltag"",""meta_description"":""Was die e-Card kann, was du mitbringen musst und warum sie für Arztbesuche wichtig ist.""}"
1692,"{""title"":""Datenschutz im Gesundheitsbereich verständlich erklärt"",""meta_description"":""Was Einwilligung, Schweigepflicht und Weitergabe im Gesundheitsbereich bedeuten und warum das im Alltag relevant ist Mehr dazu auf AustroFit.""}"
1693,"{""title"":""IGeL & Selbstzahlerleistungen verständlich erklärt"",""meta_description"":""Erfahre, was individuelle Gesundheitsleistungen (IGeL) sind, warum sie angeboten werden und worauf du achten solltest Mehr dazu auf AustroFit.""}"
1694,"{""title"":""IGeL verstehen: Welche Fragen solltest du stellen?"",""meta_description"":""Was kosten IGeL? Sind sie freiwillig? Diese Checkliste zeigt, welche Fragen du bei Selbstzahlerleistungen stellen solltest.""}"
1695,"{""title"":""Interessenkonflikte erkennen: Werbung & Studien | AustroFit"",""meta_description"":""Lerne, wie du Gesundheitsinformationen kritisch bewertest und mögliche Interessenkonflikte erkennst – alltagsnah und evidenzbasiert.""}"
1696,"{""title"":""Quellencheck: gute Gesundheitsinfos erkennen"",""meta_description"":""Wie entstehen verlässliche Gesundheitsinfos? Erfahre, warum Gutachten, Studien und transparente Quellen entscheidend sind.""}"
1697,"{""title"":""Interessenkonflikte & Werbung verstehen"",""meta_description"":""Warum Werbung Empfehlungen beeinflussen kann und wie du gesundheitsbezogene Aussagen besser einordnest Mehr dazu auf AustroFit.""}"
1698,"{""title"":""Mythen & Desinformation erkennen: Orientierung | AustroFit"",""meta_description"":""Lerne typische Muster von Gesundheitsmythen kennen und erfahre, wie du Informationen im Alltag besser einordnen kannst Mehr dazu auf AustroFit.""}"
1699,"{""title"":""Im Krankenhaus: Aufnahme, Abläufe & Entlassung | AustroFit"",""meta_description"":""Was passiert bei der Aufnahme im Krankenhaus, wie laufen Abläufe ab und was ist bei der Entlassung wichtig? Orientierung für den Alltag.""}"
1700,"{""title"":""Reha – Ziele, Antrag und Ablauf verständlich erklärt"",""meta_description"":""Was ist eine Reha, wer stellt den Antrag und wie läuft sie ab? Orientierung zu Zielen, Kosten und nächsten Schritten Mehr dazu auf AustroFit.""}"
1701,"{""title"":""Pflege & Hilfsmittel: Ansprüche und Orientierung im Alltag"",""meta_description"":""Was Pflege und Hilfsmittel im Alltag bedeuten, welche Anlaufstellen es gibt und wann Unterstützung sinnvoll ist Mehr dazu auf AustroFit.""}"
1702,"{""title"":""Gute Fragen stellen: Diagnose, Optionen, Risiken verstehen"",""meta_description"":""So helfen gute Fragen im Arztgespräch, Diagnose, Optionen und Risiken besser einzuordnen und informierte Entscheidungen zu treffen.""}"
1703,"{""title"":""Befundkopie & Einsicht: Unterlagen verstehen und nutzen"",""meta_description"":""Erfahre, warum medizinische Unterlagen wichtig sind, wie Einsicht funktioniert und wie digitale Befunde deinen Alltag im Gesundheitssystem erleichtern...""}"
1704,"{""title"":""Arzt wechseln: wann sinnvoll, wie vorgehen"",""meta_description"":""Orientierung zum Arztwechsel: Gründe, Vorgehen, Rechte und nächste Schritte – verständlich erklärt Mehr dazu auf AustroFit.""}"
1705,"{""title"":""Patientenrechte verständlich erklärt | AustroFit"",""meta_description"":""Was Patientenrechte im Alltag bedeuten: Aufklärung, Einsicht in Unterlagen, Datenschutz und Mitbestimmung – ruhig und evidenzbasiert erklärt.""}"
1706,"{""title"":""Was zahlt die Kasse? Überweisung, e-card & Kostenübernahme"",""meta_description"":""Überblick zu Kassenleistungen: e-card, Überweisung, Rezepte, Kostenerstattung und Krankengeld – verständlich erklärt Mehr dazu auf AustroFit.""}"
1707,"{""title"":""Risiken verstehen: Wahrscheinlichkeit | AustroFit"",""meta_description"":""Lerne, Risiken im Alltag realistisch einzuordnen: Wahrscheinlichkeit, Häufigkeit und Unsicherheit verständlich erklärt Mehr dazu auf AustroFit.""}"
1708,"{""title"":""Absolut vs. relativ: Risiken richtig verstehen"",""meta_description"":""Lerne den Unterschied zwischen absoluten und relativen Risiken – mit alltagsnahen Beispielen und verlässlichen Quellen Mehr dazu auf AustroFit.""}"
1709,"{""title"":""Nebenwirkungen verstehen: Häufigkeit und Schwere | AustroFit"",""meta_description"":""Was bedeuten Nebenwirkungen im Alltag? Erfahre, wie häufige und seltene Nebenwirkungen eingeordnet werden und warum das für Entscheidungen wichtig ist.""}"
1710,"{""title"":""Warnzeichen & Wechselwirkungen – Orientierung für den Alltag"",""meta_description"":""Welche Warnzeichen ernst nehmen, wie Wechselwirkungen relevant werden und wann ärztliche Hilfe sinnvoll ist – ruhig, verständlich, evidenzbasiert.""}"
1711,"{""title"":""Zweitmeinung & Alternativen: Wann sinnvoll, wie fragen"",""meta_description"":""Wann lohnt sich eine ärztliche Zweitmeinung? Rechte, Ablauf und gute Fragen – verständlich erklärt Mehr dazu auf AustroFit.""}"
1712,"{""title"":""Shared Decision Making verständlich erklärt"",""meta_description"":""Was gemeinsames Entscheiden im medizinischen Alltag konkret bedeutet – ruhig erklärt und evidenzbasiert Mehr dazu auf AustroFit.""}"
1713,"{""title"":""Übergewicht & Adipositas verstehen – Ursachen und Einordnung"",""meta_description"":""Was Übergewicht bedeutet, welche Faktoren eine Rolle spielen und warum eine Einordnung wichtig ist – ruhig und evidenzbasiert.""}"
1714,"{""title"":""Übergewicht: Folgen & Risiken für den Körper"",""meta_description"":""Welche gesundheitlichen Risiken kann Übergewicht haben? Verständliche Übersicht zu möglichen Folgen, Mythen und nächsten Schritten.""}"
1715,"{""title"":""Abnehmen realistisch: Was hilft wirklich?"",""meta_description"":""Was beim Abnehmen hilft – und was oft nicht. Evidenzbasiert, alltagsnah und ohne falsche Versprechen Mehr dazu auf AustroFit.""}"
1716,"{""title"":""Alltagsbewegung & NEAT: Kleine Schritte, große Wirkung?"",""meta_description"":""Was Alltagsbewegung (NEAT) bedeutet, warum sie wichtig ist und welche realistischen Hebel es im Alltag gibt Mehr dazu auf AustroFit.""}"
1717,"{""title"":""Krafttraining & Muskelmasse beim Abnehmen – Einordnung"",""meta_description"":""Was Bewegung, Gewicht und Gesundheit miteinander zu tun haben – evidenzbasiert und verständlich erklärt Mehr dazu auf AustroFit.""}"
1718,"{""title"":""Ausdauertraining & Kalorienverbrauch | AustroFit"",""meta_description"":""Realistische Einordnung von Ausdauertraining, Kalorienverbrauch und Nutzen für Gesundheit und Alltag Mehr dazu auf AustroFit.""}"
1719,"{""title"":""Abnehmen: Häufige Mythen im Faktencheck"",""meta_description"":""Stimmen Diät-Mythen wirklich? Evidenzbasierter Überblick zu Keto, Detox, Kohlenhydraten, Superfoods & Co Mehr dazu auf AustroFit.""}"
1720,"{""title"":""Allergie verstehen: Ursachen, Formen und Bedeutung im Alltag"",""meta_description"":""Was passiert bei einer Allergie im Körper, welche Auslöser gibt es und warum ist das im Alltag wichtig? Eine verständliche Einführung.""}"
1721,"{""title"":""Heuschnupfen: Symptome, Saison & was wirklich hilft"",""meta_description"":""Was ist Heuschnupfen, wann treten Beschwerden auf und welche Maßnahmen helfen im Alltag? Verständliche Antworten auf Basis geprüfter Quellen.""}"
1722,"{""title"":""Nahrungsmittelallergie oder Unverträglichkeit? | AustroFit"",""meta_description"":""Was unterscheidet Nahrungsmittelallergie und Unverträglichkeit? Verständlich erklärt – inklusive Diagnostik, Mythen und wann du ärztliche Hilfe suchen...""}"
1723,"{""title"":""Asthma verstehen: Anzeichen, Auslöser & Alltag"",""meta_description"":""Was ist Asthma, welche Auslöser gibt es und warum ist die richtige Einordnung im Alltag wichtig? Verständlich erklärt, mit Quellen.""}"
1724,"{""title"":""Anaphylaxie erkennen: Warnzeichen und richtig | AustroFit"",""meta_description"":""Was ist eine Anaphylaxie, welche Warnzeichen gibt es und was solltest du im Notfall tun? Ein ruhiger, verständlicher Überblick für den Alltag.""}"
1725,"{""title"":""Allergietests & Behandlung: Was sagen Tests wirklich aus?"",""meta_description"":""Was medizinische Tests zeigen können – und was nicht. Grenzen von Messwerten, Fehlalarme und sinnvolle nächste Schritte.""}"
1726,"{""title"":""Chronische Atemwegserkrankungen: Asthma, COPD | AustroFit"",""meta_description"":""Was sind Asthma, COPD und chronische Bronchitis? Ursachen, Bedeutung im Alltag und wann ärztliche Hilfe sinnvoll ist – evidenzbasiert erklärt.""}"
1727,"{""title"":""Atemnot, Husten, pfeifende Atmung: Warnzeichen erkennen"",""meta_description"":""Was Atemnot, Husten und pfeifende Atmung bedeuten können, welche Missverständnisse es gibt und wann ärztliche Hilfe wichtig ist.""}"
1728,"{""title"":""Diagnostik bei COPD & Asthma – Lungenfunktion | AustroFit"",""meta_description"":""Was Lungenfunktion, Peak-Flow und Spirometrie bei Asthma und COPD aussagen – ruhig, verständlich und evidenzbasiert Mehr dazu auf AustroFit.""}"
1729,"{""title"":""Auslöser & Risikofaktoren verstehen: Rauchen | AustroFit"",""meta_description"":""Was Rauchen, Umweltfaktoren, Infekte und Allergien begünstigen können – verständlich erklärt, evidenzbasiert und alltagsnah.""}"
1730,"{""title"":""COPD & Asthma im Alltag: Bewegung, Atmung, Inhalation"",""meta_description"":""Alltagsnaher Überblick zu Leben mit COPD oder Asthma: Bewegung, Atemtechniken, Inhalation und wann ärztliche Hilfe wichtig ist.""}"
1731,"{""title"":""Diabetes verstehen: Formen und Unterschiede"",""meta_description"":""Welche Diabetes-Formen gibt es, worin unterscheiden sie sich – und warum ist das im Alltag wichtig? Mehr dazu auf AustroFit.""}"
1732,"{""title"":""Diabetes erkennen: Diagnostik & Bedeutung der Diagnose"",""meta_description"":""Erfahre, wie Diabetes diagnostiziert wird, warum viele Fälle lange unentdeckt bleiben und was eine Diagnose im Alltag bedeutet.""}"
1733,"{""title"":""Blutzucker & HbA1c verstehen: Werte richtig einordnen"",""meta_description"":""Erfahre, was Blutzucker bedeutet, wie Messungen ablaufen und wann erhöhte Werte medizinisch relevant werden Mehr dazu auf AustroFit.""}"
1734,"{""title"":""Diabetes im Alltag: Ernährung, Bewegung, Stress & Schlaf"",""meta_description"":""Was bedeutet Diabetes im Alltag? Verständliche Infos zu Ernährung, Bewegung und hilfreicher Orientierung – evidenzbasiert und ruhig erklärt.""}"
1735,"{""title"":""Diabetes & Medikamente: Wirkung, Bedeutung und Alltag"",""meta_description"":""Was Diabetes-Medikamente leisten können, warum sie wichtig sind und welche Missverständnisse es gibt – verständlich erklärt, ohne Therapieempfehlung.""}"
1736,"{""title"":""Folgeerkrankungen bei Diabetes verstehen | AustroFit"",""meta_description"":""Welche Folgeerkrankungen können bei Diabetes auftreten? Erfahre, warum sie wichtig sind, welche Missverständnisse es gibt und wann ärztliche Abklärung...""}"
1737,"{""title"":""Blutdruck verstehen: Werte richtig messen und einordnen"",""meta_description"":""Erfahre, was Blutdruck ist, wie Messungen ablaufen und warum die richtige Einordnung wichtig ist Mehr dazu auf AustroFit.""}"
1738,"{""title"":""Cholesterin & Blutfette verstehen: LDL, HDL | AustroFit"",""meta_description"":""Was bedeuten Cholesterin, LDL, HDL und Triglyzeride für deine Gesundheit? Verständliche Erklärung, Mythen und Orientierung für den Alltag.""}"
1739,"{""title"":""KHK, Angina & Herzinfarkt: Symptome erkennen | AustroFit"",""meta_description"":""Was KHK, Angina pectoris und Herzinfarkt bedeuten, welche Anzeichen typisch sind und wann du medizinische Hilfe suchen solltest.""}"
1740,"{""title"":""Schlaganfall & TIA: Warnzeichen erkennen | AustroFit"",""meta_description"":""Warnzeichen eines Schlaganfalls und einer TIA verstehen: Symptome erkennen, Bedeutung für den Alltag und wann sofort ärztliche Hilfe nötig ist.""}"
1741,"{""title"":""Herzinsuffizienz verständlich erklärt: Symptome | AustroFit"",""meta_description"":""Was ist Herzinsuffizienz, wie macht sie sich bemerkbar und was bedeutet das im Alltag? Ruhig erklärt, evidenzbasiert und verständlich.""}"
1742,"{""title"":""Herzrhythmus & Vorhofflimmern – unregelmäßiger | AustroFit"",""meta_description"":""Was bedeutet ein unregelmäßiger Puls? Erfahre, was hinter Herzrhythmusstörungen und Vorhofflimmern steckt und wann du ärztliche Hilfe suchen solltest.""}"
1743,"{""title"":""Arteriosklerose & Gefäße: Ablagerungen verstehen | AustroFit"",""meta_description"":""Was hinter Gefäßveränderungen steckt, warum Prävention wichtig ist und was du selbst für gesunde Gefäße tun kannst – verständlich erklärt.""}"
1744,"{""title"":""Herz-Untersuchungen verstehen: EKG, Echo | AustroFit"",""meta_description"":""Was zeigen EKG, Echo, Belastungstest und Laborwerte? Verständliche Erklärung, warum diese Herzuntersuchungen wichtig sind.""}"
1745,"{""title"":""Bluthochdruck verstehen: Ursachen, Risiken | AustroFit"",""meta_description"":""Was ist Bluthochdruck, warum bleibt er oft unentdeckt und warum sind Blutdruckwerte so wichtig? Verständliche Infos für den Alltag.""}"
1746,"{""title"":""Blutdruck richtig messen: Zuhause, Praxis | AustroFit"",""meta_description"":""Warum Blutdruckmessungen wichtig sind, was einzelne Werte bedeuten und welche typischen Missverständnisse du vermeiden solltest.""}"
1747,"{""title"":""Risiken & Folgeprobleme: Herz, Gehirn, Niere | AustroFit"",""meta_description"":""Was regelmäßige Kontrollen bedeuten können, um mögliche Risiken für Herz, Gehirn und Nieren frühzeitig zu erkennen Mehr dazu auf AustroFit.""}"
1748,"{""title"":""Alltagshebel für die Gesundheit: Bewegung | AustroFit"",""meta_description"":""Welche Alltagsfaktoren wirklich einen Unterschied machen: Bewegung, Ernährung, Schlaf und Stress realistisch einordnen – evidenzbasiert und alltagsnah.""}"
1749,"{""title"":""Medikamente verstehen: Klassen, Wirkung | AustroFit"",""meta_description"":""Was Medikamente leisten können, warum Information wichtig ist und wie Nebenwirkungen und Wechselwirkungen eingeordnet werden – verständlich erklärt...""}"
1750,"{""title"":""Warnzeichen & Notfall: Wann rasch handeln sinnvoll ist"",""meta_description"":""Welche Warnzeichen deuten auf einen Notfall hin und wann solltest du schnell handeln? Evidenzbasierte Orientierung, ruhig erklärt.""}"
1751,"{""title"":""Kopfschmerzen verstehen: Arten, Ursachen | AustroFit"",""meta_description"":""Welche Kopfschmerzen gibt es, was steckt dahinter und wann sollte man ärztlich nachfragen? Evidenzbasiert und alltagsnah erklärt.""}"
1752,"{""title"":""Migräne verstehen: Attacken, Aura, Auslöser | AustroFit"",""meta_description"":""Migräne erkennen, einordnen und besser damit umgehen: typische Symptome, Mythen, Selbsthilfe im Alltag und wann ärztliche Abklärung wichtig ist.""}"
1753,"{""title"":""Spannungskopfschmerz verstehen: Muskelspannung | AustroFit"",""meta_description"":""Was steckt hinter Spannungskopfschmerzen? Erfahre, warum unspezifische Schmerzen häufig sind, was du selbst tun kannst und wann ärztliche Hilfe sinnvoll...""}"
1754,"{""title"":""Cluster-Kopfschmerzen erkennen & abgrenzen | AustroFit"",""meta_description"":""Was hinter sehr starken Kopfschmerzen stecken kann, wie sie sich von Nervenschmerzen unterscheiden und wann ärztliche Abklärung sinnvoll ist.""}"
1755,"{""title"":""Kopfschmerzen als Warnsignal erkennen: Red Flags & Abklärung"",""meta_description"":""Wann Kopfschmerzen ärztlich abgeklärt werden sollten, welche Warnzeichen es gibt und wie du im Alltag richtig reagierst.""}"
1756,"{""title"":""Akutmittel richtig anwenden | AustroFit"",""meta_description"":""Was du über Akutmedikamente, sichere Anwendung und Risiken durch Übergebrauch wissen solltest – verständlich erklärt Mehr dazu auf AustroFit.""}"
1757,"{""title"":""Trigger erkennen: Kopfschmerz- & Migränetagebuch | AustroFit"",""meta_description"":""Wie ein Kopfschmerz- und Migränetagebuch hilft, Muster zu erkennen, Beschwerden besser zu beschreiben und ärztliche Entscheidungen zu unterstützen.""}"
1758,"{""title"":""Prävention im Alltag: Schlaf, Stress, Rhythmus"",""meta_description"":""Was Schlaf, Stress und ein stabiler Rhythmus für die Gesundheit bedeuten – kompakt, ruhig und evidenzbasiert erklärt Mehr dazu auf AustroFit.""}"
1759,"{""title"":""Ernährung, Koffein & Alkohol als Trigger | AustroFit"",""meta_description"":""Was wirklich hinter vermeintlichen Triggern steckt: evidenzbasierte Einordnung zu Ernährung, Unverträglichkeiten und Risiken – ohne Verbote oder Dogmen.""}"
1760,"{""title"":""Depression & Angst verstehen – Begriffe, Häufigkeit, Alltag"",""meta_description"":""Was Depression und Angst bedeuten, wie häufig sie sind und was Betroffene oft erleben – verständlich und evidenzbasiert erklärt.""}"
1761,"{""title"":""Depression: Anzeichen erkennen & realistische Hilfe"",""meta_description"":""Wie du Anzeichen einer Depression einordnest und welche Maßnahmen nachweislich helfen können – ruhig, verständlich und evidenzbasiert.""}"
1762,"{""title"":""Angststörung & Panik: Symptome verstehen | AustroFit"",""meta_description"":""Was Angststörungen und Panik ausmacht, welche Symptome auftreten können und wann ärztliche Abklärung sinnvoll ist Mehr dazu auf AustroFit.""}"
1763,"{""title"":""Stress & Burnout verstehen: Warnsignale | AustroFit"",""meta_description"":""Stress gehört zum Leben – wird er dauerhaft, kann er belasten. Erfahre, worauf du achten solltest und wie Erholung realistisch gelingt.""}"
1764,"{""title"":""Hilfe finden: Anlaufstellen, Gespräche | AustroFit"",""meta_description"":""Welche Anlaufstellen gibt es, wie können Gespräche helfen und wann ist ärztliche Unterstützung sinnvoll? Ein evidenzbasierter Überblick ohne Empfehlung.""}"
1765,"{""title"":""Rückenschmerzen verstehen – Ursachen, Verlauf, Einordnung"",""meta_description"":""Was Rückenschmerzen bedeuten können, wie sie häufig verlaufen und wann ärztliche Abklärung sinnvoll ist Mehr dazu auf AustroFit.""}"
1766,"{""title"":""Warnzeichen bei Rückenschmerzen – wann zum Arzt?"",""meta_description"":""Welche Warnzeichen bei Rückenschmerzen solltest du ernst nehmen? Eine ruhige Orientierung, wann ärztliche Abklärung sinnvoll oder dringend ist.""}"
1767,"{""title"":""ISG, Bandscheibe, Ischias: Ursachen | AustroFit"",""meta_description"":""ISG, Bandscheibe oder Ischias? Erfahre, was hinter ausstrahlenden Rückenschmerzen steckt, was wichtig ist und wann ärztliche Abklärung sinnvoll ist.""}"
1768,"{""title"":""Akut vs. chronisch: Warum Rückenschmerzen bleiben können"",""meta_description"":""Was unterscheidet akute von chronischen Rückenschmerzen? Verständliche Erklärung, typische Missverständnisse und Orientierung für den Alltag.""}"
1769,"{""title"":""Selbsthilfe & Bewegung im Alltag – was wirklich unterstützt"",""meta_description"":""Evidenzbasierte Einordnung: Warum Bewegung wichtig ist, was realistisch hilft und wann ärztlicher Rat sinnvoll ist – ohne Heilversprechen.""}"
1770,"{""title"":""MRT, CT oder Röntgen – wann ist Bildgebung sinnvoll?"",""meta_description"":""Erfahre, wann bildgebende Diagnostik wie MRT, CT oder Röntgen sinnvoll ist und worauf du im Alltag achten kannst Mehr dazu auf AustroFit.""}"