"id","title","description","filename_disk","filename_download"
"fa34bfc7-3112-4bc2-af9a-aa6405216d73","Abklaerung Diagnostik Schlaflabor Polygraphie Polysomnographie",,"fa34bfc7-3112-4bc2-af9a-aa6405216d73.webp","abklaerung-diagnostik-schlaflabor-polygraphie-polysomnographie.webp"
"d33a348e-e884-472a-90ce-f09463655c85","Abnehmen Gewicht Evidenzbasiert Ohne Diaet Mythen",,"d33a348e-e884-472a-90ce-f09463655c85.webp","abnehmen-gewicht-evidenzbasiert-ohne-diaet-mythen.webp"
"bf688d36-a041-4f37-a2e2-d8c62807e922","Abnehmen Realistisch Was Hilft Und Was Oft Nicht Hilft",,"bf688d36-a041-4f37-a2e2-d8c62807e922.webp","abnehmen-realistisch-was-hilft-und-was-oft-nicht-hilft.webp"
"94b35dc1-36d6-45cc-8ae8-2b2edd7e9c22","Absolut Vs Relativ Zahlen Richtig Lesen",,"94b35dc1-36d6-45cc-8ae8-2b2edd7e9c22.webp","absolut-vs-relativ-zahlen-richtig-lesen.webp"
"856a526b-7458-4cd5-a556-5752e80ad52c","Adhs Autismus Mythen Mode Diagnose Nur Bei Kindern",,"856a526b-7458-4cd5-a556-5752e80ad52c.webp","adhs-autismus-mythen-mode-diagnose-nur-bei-kindern.webp"
"e5c6350b-f65f-4b7a-85e4-bffe5017a6ab","Adhs Verstehen Symptome Alltag Abklaerung",,"e5c6350b-f65f-4b7a-85e4-bffe5017a6ab.webp","adhs-verstehen-symptome-alltag-abklaerung.webp"
"0b96dd60-cca7-4981-9c08-7803d15b07ff","Akuter Rueckenschmerz Schonung Belastung Warnzeichen Einordnen",,"0b96dd60-cca7-4981-9c08-7803d15b07ff.webp","akuter-rueckenschmerz-schonung-belastung-warnzeichen-einordnen.webp"
"8a751613-8e84-49b7-9558-c69a326c05af","Akute Vs Chronische Schmerzen Unterschied",,"8a751613-8e84-49b7-9558-c69a326c05af.webp","akute-vs-chronische-schmerzen-unterschied.webp"
"b221986d-19b3-406f-a494-0e0b3e18e0c6","Akutmittel Medikamentenuebergebrauch Sicher Anwenden Overuse Vermeiden",,"b221986d-19b3-406f-a494-0e0b3e18e0c6.webp","akutmittel-medikamentenuebergebrauch-sicher-anwenden-overuse-vermeiden.webp"
"da04079d-3937-418b-9da9-24a24886107e","Akut Vs Chronisch Rueckenschmerzen Warum Sie Bleiben Und Was Hilft",,"da04079d-3937-418b-9da9-24a24886107e.webp","akut-vs-chronisch-rueckenschmerzen-warum-sie-bleiben-und-was-hilft.webp"
"2d8d556b-5b2f-4334-adde-a879ae595775","Allergietests Behandlung Was Tests Aussagen Und Was Nicht",,"2d8d556b-5b2f-4334-adde-a879ae595775.webp","allergietests-behandlung-was-tests-aussagen-und-was-nicht.webp"
"f3fe361d-cbdb-4f49-a7ee-e515c7c56ae0","Allergie Verstehen Was Im Koerper Passiert Und Welche Formen Es Gibt",,"f3fe361d-cbdb-4f49-a7ee-e515c7c56ae0.webp","allergie-verstehen-was-im-koerper-passiert-und-welche-formen-es-gibt.webp"
"d3e78409-f2c3-4c7d-9cdf-437e32a765c2","Alltagsbewegung Neat Schritte Sitzen Gewicht",,"d3e78409-f2c3-4c7d-9cdf-437e32a765c2.webp","alltagsbewegung-neat-schritte-sitzen-gewicht.webp"
"829c0220-894b-46e8-8859-76fafa7e3bea","Alltagshebel Bewegung Ernaehrung Salz Alkohol Stress Schlaf Realistisch",,"829c0220-894b-46e8-8859-76fafa7e3bea.webp","alltagshebel-bewegung-ernaehrung-salz-alkohol-stress-schlaf-realistisch.webp"
"a8c491ea-ff5c-44f7-98c0-61400e9936f3","Alltagssignale Naechste Schritte Aerztlich Abklaeren Gespraech Vorbereiten",,"a8c491ea-ff5c-44f7-98c0-61400e9936f3.webp","alltagssignale-naechste-schritte-aerztlich-abklaeren-gespraech-vorbereiten.webp"
"e560efc8-5927-4b0c-bfe9-9e60c9dca283","Anaphylaxie Warnzeichen Und Notfall",,"e560efc8-5927-4b0c-bfe9-9e60c9dca283.webp","anaphylaxie-warnzeichen-und-notfall.webp"
"7deaae6e-a3c3-4fda-85c0-68079aa06674","Angst Panik Mythen Panik Ist Gefaehrlich Angst Ist Schwaeche",,"7deaae6e-a3c3-4fda-85c0-68079aa06674.webp","angst-panik-mythen-panik-ist-gefaehrlich-angst-ist-schwaeche.webp"
"9e0ff99f-7ad8-4e3f-8f6d-5d6745c366a2","Angststoerung Panik Symptome Kreislauf Orientierung",,"9e0ff99f-7ad8-4e3f-8f6d-5d6745c366a2.webp","angststoerung-panik-symptome-kreislauf-orientierung.webp"
"fe177ca9-ec09-47f0-ba7a-4ef3a30805ac","Angst Verstehen Symptome Koerperreaktion Wann Normal Wann Abklaeren",,"fe177ca9-ec09-47f0-ba7a-4ef3a30805ac.webp","angst-verstehen-symptome-koerperreaktion-wann-normal-wann-abklaeren.webp"
"641a803f-93bd-484d-85ac-9b3643e75606","Antibiotika Mythen Wann Sie Helfen Und Wann Nicht",,"641a803f-93bd-484d-85ac-9b3643e75606.webp","antibiotika-mythen-wann-sie-helfen-und-wann-nicht.webp"
"8dde442e-3d69-4e96-a359-23266758a335","Antibiotika Wann Sinnvoll Wann Nicht Resistenzen Verstehen",,"8dde442e-3d69-4e96-a359-23266758a335.webp","antibiotika-wann-sinnvoll-wann-nicht-resistenzen-verstehen.webp"
"98f6feec-a843-4137-946c-35720b33e56b","Arteriosklerose Gefaesse Ablagerungen Warum Wichtig",,"98f6feec-a843-4137-946c-35720b33e56b.webp","arteriosklerose-gefaesse-ablagerungen-warum-wichtig.webp"
"d063e9c0-a4fb-4c12-9e2a-eb2149666b8b","Arztbesuch Vorbereiten Unterlagen Fragen Symptome Dokumentieren Orientierung",,"d063e9c0-a4fb-4c12-9e2a-eb2149666b8b.webp","arztbesuch-vorbereiten-unterlagen-fragen-symptome-dokumentieren-orientierung.webp"
"14d3e596-acef-46d3-9e5b-ab79e905600f","Arzt Wechseln Wann Sinnvoll Wie Vorgehen Orientierung",,"14d3e596-acef-46d3-9e5b-ab79e905600f.webp","arzt-wechseln-wann-sinnvoll-wie-vorgehen-orientierung.webp"
"709c72d9-fea6-419c-b0e9-7a826b8e1ca5","Asthma Verstehen Anzeichen Ausloeser Alltag",,"709c72d9-fea6-419c-b0e9-7a826b8e1ca5.webp","asthma-verstehen-anzeichen-ausloeser-alltag.webp"
"79a67667-a5f4-4b8b-a564-7a2b80f6ae31","Atemnot Husten Pfeifende Atmung Warnzeichen Erkennen",,"79a67667-a5f4-4b8b-a564-7a2b80f6ae31.webp","atemnot-husten-pfeifende-atmung-warnzeichen-erkennen.webp"
"c1c5a630-a259-4ed8-ab16-acda9a76a76c","Auffrischungen Impfschutz Titer Intervalle Begriffe",,"c1c5a630-a259-4ed8-ab16-acda9a76a76c.webp","auffrischungen-impfschutz-titer-intervalle-begriffe.webp"
"778d7708-dd9a-4b8e-80b1-9453ab312602","Aufhoeren Entzug Cravings Strategien Rueckfall Was Hilft Orientierung",,"778d7708-dd9a-4b8e-80b1-9453ab312602.webp","aufhoeren-entzug-cravings-strategien-rueckfall-was-hilft-orientierung.webp"
"49b1cfd0-2ea4-48e7-b6fd-bddf0ce7c471","Ausdauertraining Kalorienverbrauch Cardio Realistisch",,"49b1cfd0-2ea4-48e7-b6fd-bddf0ce7c471.webp","ausdauertraining-kalorienverbrauch-cardio-realistisch.webp"
"01948a9d-4931-4b34-8c87-f219e3648f3d","Ausloeser Risikofaktoren Rauchen Luftschadstoffe Infekte Allergien",,"01948a9d-4931-4b34-8c87-f219e3648f3d.webp","ausloeser-risikofaktoren-rauchen-luftschadstoffe-infekte-allergien.webp"
"f3dddae3-70d9-4a52-8692-0e41397bd795","Autismus Spektrum Verstehen Merkmale Missverstaendnisse Abklaerung",,"f3dddae3-70d9-4a52-8692-0e41397bd795.webp","autismus-spektrum-verstehen-merkmale-missverstaendnisse-abklaerung.webp"
"7c8086c5-feb7-465f-b670-bb687f238707","Befunde Fragenkatalog Untersuchungsergebnisse Einordnen",,"7c8086c5-feb7-465f-b670-bb687f238707.webp","befunde-fragenkatalog-untersuchungsergebnisse-einordnen.webp"
"426c20e1-d49b-47df-8348-67ad2d96d1a3","Befunde Nach Screening Auffaellig Bedeutung Naechste Schritte",,"426c20e1-d49b-47df-8348-67ad2d96d1a3.webp","befunde-nach-screening-auffaellig-bedeutung-naechste-schritte.webp"
"57d270a1-b28f-446a-a1c4-22ad5ceebd51","Befundkopie Einsicht Unterlagen Bekommen Orientierung",,"57d270a1-b28f-446a-a1c4-22ad5ceebd51.webp","befundkopie-einsicht-unterlagen-bekommen-orientierung.webp"
"ef719098-47c3-4eeb-9062-4701386c97e2","Befund Sprache Verstehen Haeufige Begriffe Unklar Auffaellig Orientierung",,"ef719098-47c3-4eeb-9062-4701386c97e2.webp","befund-sprache-verstehen-haeufige-begriffe-unklar-auffaellig-orientierung.webp"
"3733be19-2010-409e-bcbc-72bbfd3cd7f6","Behandlung Koordinieren Ueberweisungen Befunde Schnittstellen Orientierung",,"3733be19-2010-409e-bcbc-72bbfd3cd7f6.webp","behandlung-koordinieren-ueberweisungen-befunde-schnittstellen-orientierung.webp"
"258d6523-d09d-43ff-8bae-6e9a660a482b","Behandlungsfehler Was Es Ist Welche Schritte Moeglich Sind Orientierung",,"258d6523-d09d-43ff-8bae-6e9a660a482b.webp","behandlungsfehler-was-es-ist-welche-schritte-moeglich-sind-orientierung.webp"
"9deeaa11-b75e-45c0-8a49-699d37d4bf57","Beipackzettel Wirkstoffe Infos Richtig Lesen Orientierung",,"9deeaa11-b75e-45c0-8a49-699d37d4bf57.webp","beipackzettel-wirkstoffe-infos-richtig-lesen-orientierung.webp"
"c70a3ae8-c5b8-4cea-be19-8ae6891fd5b7","Beschwerden Aerztekammer Zahnaerztekammer Berufsvertretungen Orientierung",,"c70a3ae8-c5b8-4cea-be19-8ae6891fd5b7.webp","beschwerden-aerztekammer-zahnaerztekammer-berufsvertretungen-orientierung.webp"
"2b676a3e-2071-404a-86c2-a2f95293854a","Beschwerden Krankenhaus Pflege Heimaufsicht Orientierung",,"2b676a3e-2071-404a-86c2-a2f95293854a.webp","beschwerden-krankenhaus-pflege-heimaufsicht-orientierung.webp"
"b840ecf5-e79f-4de7-8db3-e4b5f6df0d20","Beschwerden Krankenkasse Sozialversicherung Orientierung",,"b840ecf5-e79f-4de7-8db3-e4b5f6df0d20.webp","beschwerden-krankenkasse-sozialversicherung-orientierung.webp"
"e50f31c3-0cad-442d-9bd1-7393ff9a9d6f","Beschwerden Ombudsstellen Patientenanwaltschaft Orientierung",,"e50f31c3-0cad-442d-9bd1-7393ff9a9d6f.webp","beschwerden-ombudsstellen-patientenanwaltschaft-orientierung.webp"
"944f0773-1a5d-47a1-a036-57e51aecc616","Beschwerden Vorbereiten Dokumentation Unterlagen Ablauf Protokollieren Orientierung",,"944f0773-1a5d-47a1-a036-57e51aecc616.webp","beschwerden-vorbereiten-dokumentation-unterlagen-ablauf-protokollieren-orientierung.webp"
"2ca1186c-7d47-4709-b891-d38fea061d9f","Bewegung Wirkt Ausdauer Kraft Alltagsschritte",,"2ca1186c-7d47-4709-b891-d38fea061d9f.webp","bewegung-wirkt-ausdauer-kraft-alltagsschritte.webp"
"ccb29c6f-9799-4021-b942-86598a4a2905","Blutdruck Mythen Einmal Hoch Salz Messfehler",,"ccb29c6f-9799-4021-b942-86598a4a2905.webp","blutdruck-mythen-einmal-hoch-salz-messfehler.webp"
"88126e93-f312-44dd-9255-0f8c1a961c7b","Blutdruck Richtig Messen Zuhause Praxis 24h Typische Fehler Vermeiden",,"88126e93-f312-44dd-9255-0f8c1a961c7b.webp","blutdruck-richtig-messen-zuhause-praxis-24h-typische-fehler-vermeiden.webp"
"9767208d-97bf-4b7b-9576-c17710b4bd58","Blutdruck Verstehen Werte Messung Und Einordnung",,"9767208d-97bf-4b7b-9576-c17710b4bd58.webp","blutdruck-verstehen-werte-messung-und-einordnung.webp"
"64273c1f-06e3-4d27-9947-e646569f2841","Bluthochdruck Verstehen Was Es Ist Warum Es Oft Unbemerkt Bleibt Was Werte Bedeuten",,"64273c1f-06e3-4d27-9947-e646569f2841.webp","bluthochdruck-verstehen-was-es-ist-warum-es-oft-unbemerkt-bleibt-was-werte-bedeuten.webp"
"91eb0554-f791-4286-a83a-a99c1250984f","Blutzucker Hba1c Werte Verstehen",,"91eb0554-f791-4286-a83a-a99c1250984f.webp","blutzucker-hba1c-werte-verstehen.webp"
"3c69d8de-0c00-4fe6-a8d2-2862f6d6d2d1","Brustschmerz Atemnot Starke Schmerzen Sofortzeichen",,"3c69d8de-0c00-4fe6-a8d2-2862f6d6d2d1.webp","brustschmerz-atemnot-starke-schmerzen-sofortzeichen.webp"
"4a32d3fc-2039-4abf-9a6b-d35e19b49948","Burnout Und Arbeit Warnzeichen Abgrenzung Depression Naechste Schritte",,"4a32d3fc-2039-4abf-9a6b-d35e19b49948.webp","burnout-und-arbeit-warnzeichen-abgrenzung-depression-naechste-schritte.webp"
"6e29e41f-b1b7-4deb-a308-6021f1e87d8e","Checkliste Fragen Igel Selbstzahlerleistungen",,"6e29e41f-b1b7-4deb-a308-6021f1e87d8e.webp","checkliste-fragen-igel-selbstzahlerleistungen.webp"
"27fce453-2ae7-4af5-86ca-4d11eaaafe62","Cholesterin Blutfette Ldl Hdl Triglyceride Einordnen",,"27fce453-2ae7-4af5-86ca-4d11eaaafe62.webp","cholesterin-blutfette-ldl-hdl-triglyceride-einordnen.webp"
"84d1b38a-f09e-4fc7-910b-6c546c449cff","Cholesterin Blutfette Ldl Hdl Triglyzeride Verstehen",,"84d1b38a-f09e-4fc7-910b-6c546c449cff.webp","cholesterin-blutfette-ldl-hdl-triglyzeride-verstehen.webp"
"ed7b0627-6e93-4b5f-bd70-f6018dcc8680","Cholesterin Und Fette Einordnung",,"ed7b0627-6e93-4b5f-bd70-f6018dcc8680.webp","cholesterin-und-fette-einordnung.webp"
"8b31ff0a-1c2d-41df-b31f-3c1325ba6cc1","Chronische Atemwegserkrankungen Verstehen Asthma Copd Chronische Bronchitis",,"8b31ff0a-1c2d-41df-b31f-3c1325ba6cc1.webp","chronische-atemwegserkrankungen-verstehen-asthma-copd-chronische-bronchitis.webp"
"58f6a6a0-b912-4941-932c-91f5d7865e1c","Chronische Rueckenschmerzen Alltagsbewegung Ausdauer Raus Aus Der Schonung",,"58f6a6a0-b912-4941-932c-91f5d7865e1c.webp","chronische-rueckenschmerzen-alltagsbewegung-ausdauer-raus-aus-der-schonung.webp"
"db2a2643-9489-4c0e-8b28-bfcfae013a29","Chronische Rueckenschmerzen Kraft Core Stabilitaet",,"db2a2643-9489-4c0e-8b28-bfcfae013a29.webp","chronische-rueckenschmerzen-kraft-core-stabilitaet.webp"
"41b4f853-1d37-40dc-afb8-eb2d94bcfd4d","Chronische Rueckenschmerzen Physio Reha Alltag Umsetzung Statt Schonung",,"41b4f853-1d37-40dc-afb8-eb2d94bcfd4d.webp","chronische-rueckenschmerzen-physio-reha-alltag-umsetzung-statt-schonung.webp"
"a0721017-aafd-406b-b235-154215dec159","Cluster Kopfschmerzen Typische Zeichen Abgrenzung",,"a0721017-aafd-406b-b235-154215dec159.webp","cluster-kopfschmerzen-typische-zeichen-abgrenzung.webp"
"75e8d153-bd96-45b4-9565-14ce1d82de9f","Darmkrebs Frueherkennung Stuhltest Koloskopie Intervalle Orientierung",,"75e8d153-bd96-45b4-9565-14ce1d82de9f.webp","darmkrebs-frueherkennung-stuhltest-koloskopie-intervalle-orientierung.webp"
"e95ef51d-0e7a-4cd6-9a2f-faba8512aadd","Darmreinigung Detox Kuren Versprechen Evidenz",,"e95ef51d-0e7a-4cd6-9a2f-faba8512aadd.webp","darmreinigung-detox-kuren-versprechen-evidenz.webp"
"87a3a196-50ae-4acc-bbb9-662f244ce8f9","Datenschutz Gesundheitsbereich Einwilligung Schweigepflicht Weitergabe",,"87a3a196-50ae-4acc-bbb9-662f244ce8f9.webp","datenschutz-gesundheitsbereich-einwilligung-schweigepflicht-weitergabe.webp"
"949b38a4-f6ac-47cb-ac0c-9ee0d0f26515","Depression Anzeichen Einordnen Und Was Realistisch Helfen Kann",,"949b38a4-f6ac-47cb-ac0c-9ee0d0f26515.webp","depression-anzeichen-einordnen-und-was-realistisch-helfen-kann.webp"
"ec7153e7-7196-494d-9481-f249556cc6b7","Depression Mythen Nur Schlechte Laune Reiss Dich Zusammen Einordnung",,"ec7153e7-7196-494d-9481-f249556cc6b7.webp","depression-mythen-nur-schlechte-laune-reiss-dich-zusammen-einordnung.webp"
"96e57454-6c72-4428-a835-e3b25729dc10","Depression Und Angst Verstehen Begriffe Haeufigkeit Alltag",,"96e57454-6c72-4428-a835-e3b25729dc10.webp","depression-und-angst-verstehen-begriffe-haeufigkeit-alltag.webp"
"2a2f6b06-bb20-4085-bc99-e7a87c150f46","Depression Verstehen Symptome Verlauf Abgrenzung",,"2a2f6b06-bb20-4085-bc99-e7a87c150f46.webp","depression-verstehen-symptome-verlauf-abgrenzung.webp"
"a1dd27c7-c4e1-4532-976e-e66d8d276ea1","Detox Entgiften Schlacken Was Stimmt Und Was Nicht",,"a1dd27c7-c4e1-4532-976e-e66d8d276ea1.webp","detox-entgiften-schlacken-was-stimmt-und-was-nicht.webp"
"489220e2-0e62-48d7-badb-bce7d2b5171d","Diabetes Erkennen Diagnostik Bedeutung Der Diagnose",,"489220e2-0e62-48d7-badb-bce7d2b5171d.webp","diabetes-erkennen-diagnostik-bedeutung-der-diagnose.webp"
"0115c09b-cdf2-4d4a-8320-9dcc3aac1353","Diabetes Im Alltag Ernaehrung Bewegung Stress Schlaf",,"0115c09b-cdf2-4d4a-8320-9dcc3aac1353.webp","diabetes-im-alltag-ernaehrung-bewegung-stress-schlaf.webp"
"099c1d2a-b240-4393-8ade-9adcbcfe6216","Diabetes Mythen Nur Zucker Selbst Schuld Typ 2 Vermeidbar",,"099c1d2a-b240-4393-8ade-9adcbcfe6216.webp","diabetes-mythen-nur-zucker-selbst-schuld-typ-2-vermeidbar.webp"
"3e0165a1-6eef-4a5f-be35-046363676a5c","Diabetes Und Medikamente Was Sie Tun Ohne Therapieempfehlung",,"3e0165a1-6eef-4a5f-be35-046363676a5c.webp","diabetes-und-medikamente-was-sie-tun-ohne-therapieempfehlung.webp"
"aa3f8442-006e-4240-9e60-c8b53f166578","Diabetes Verstehen Formen Und Unterschiede",,"aa3f8442-006e-4240-9e60-c8b53f166578.webp","diabetes-verstehen-formen-und-unterschiede.webp"
"02ceea21-41a7-4336-8179-94cbd782e759","Diaeten Trends Low Carb Keto Intervallfasten Nutzen Risiken Ohne Hype",,"02ceea21-41a7-4336-8179-94cbd782e759.webp","diaeten-trends-low-carb-keto-intervallfasten-nutzen-risiken-ohne-hype.webp"
"56f42481-35d2-443e-8dd7-cbefc07654e1","Diagnostik Bildgebung Wann Sind Mrt Ct Roentgen Sinnvoll",,"56f42481-35d2-443e-8dd7-cbefc07654e1.webp","diagnostik-bildgebung-wann-sind-mrt-ct-roentgen-sinnvoll.webp"
"c3bb0403-c56b-4698-9bc3-76333ea239fd","Diagnostik Copd Asthma Lungenfunktion Peak Flow Spirometrie",,"c3bb0403-c56b-4698-9bc3-76333ea239fd.webp","diagnostik-copd-asthma-lungenfunktion-peak-flow-spirometrie.webp"
"e4c19902-29f8-4f0e-8e8e-11ad3520eba6","E Card Und Organisation Orientierung",,"e4c19902-29f8-4f0e-8e8e-11ad3520eba6.webp","e-card-und-organisation-orientierung.webp"
"001bb0e0-8d78-41a2-95a2-1a064d1f14c4","Elga Und Befunde Was Gespeichert Ist Zugriff Einsicht Orientierung",,"001bb0e0-8d78-41a2-95a2-1a064d1f14c4.webp","elga-und-befunde-was-gespeichert-ist-zugriff-einsicht-orientierung.webp"
"b85d0d75-bf39-402a-8ee9-aa58e7f61c01","Energydrinks Koffein Zucker Risiken Jugendliche",,"b85d0d75-bf39-402a-8ee9-aa58e7f61c01.webp","energydrinks-koffein-zucker-risiken-jugendliche.webp"
"2fda355e-b94a-43af-bfda-c539bd5dfe73","Entscheiden Bei Vorsorge Fragen Befunde Zweitmeinung",,"2fda355e-b94a-43af-bfda-c539bd5dfe73.webp","entscheiden-bei-vorsorge-fragen-befunde-zweitmeinung.webp"
"44219963-4e8b-486c-b0a5-570d5fa8e3db","Entscheidungen Rund Um Screening Fragen Die Helfen Ohne Empfehlung",,"44219963-4e8b-486c-b0a5-570d5fa8e3db.webp","entscheidungen-rund-um-screening-fragen-die-helfen-ohne-empfehlung.webp"
"8cc71919-504e-48d1-a8e4-2102971d9df8","Entspannung Tools Atmung Bewegung Pausen Routinen",,"8cc71919-504e-48d1-a8e4-2102971d9df8.webp","entspannung-tools-atmung-bewegung-pausen-routinen.webp"
"8535bacb-9703-4e06-ad82-7eb4b0e98fcd","Entzuendungswerte Crp Leukozyten Orientierung",,"8535bacb-9703-4e06-ad82-7eb4b0e98fcd.webp","entzuendungswerte-crp-leukozyten-orientierung.webp"
"6e88ef1a-b491-4cec-a5e1-768bbd5bcdec","Ernaehrung Heilt Krebs Heilsversprechen Einordnen",,"6e88ef1a-b491-4cec-a5e1-768bbd5bcdec.webp","ernaehrung-heilt-krebs-heilsversprechen-einordnen.webp"
"4e1bd6c5-71e4-4f6d-ad39-814249877e6e","Ernaehrung Verstehen Energie Makros Ballaststoffe Alltag",,"4e1bd6c5-71e4-4f6d-ad39-814249877e6e.webp","ernaehrung-verstehen-energie-makros-ballaststoffe-alltag.webp"
"792cad9b-1f9b-41a6-991e-c22e26ee16d8","Erschoepfung Burnout Warnzeichen Abgrenzung Naechste Schritte",,"792cad9b-1f9b-41a6-991e-c22e26ee16d8.webp","erschoepfung-burnout-warnzeichen-abgrenzung-naechste-schritte.webp"
"992b9551-05dd-450b-8ac0-6f7e569774ec","E Zigaretten Tabakerhitzer Orientierung",,"992b9551-05dd-450b-8ac0-6f7e569774ec.webp","e-zigaretten-tabakerhitzer-orientierung.webp"
"3c014e5a-9e50-4a96-81c0-9f7037c6880a","Fette Salz Herzgesund Essen Ohne Uebertreibung",,"3c014e5a-9e50-4a96-81c0-9f7037c6880a.webp","fette-salz-herzgesund-essen-ohne-uebertreibung.webp"
"aa803dba-2958-42bc-93be-17cbf0895338","Fieber Und Infekt Einordnen Hausmittel Abklaerung Alarmzeichen",,"aa803dba-2958-42bc-93be-17cbf0895338.webp","fieber-und-infekt-einordnen-hausmittel-abklaerung-alarmzeichen.webp"
"58ec570a-36dd-449b-a7c3-202bbeb120bb","Folgeerkrankungen Bei Diabetes Risiken Verstehen",,"58ec570a-36dd-449b-a7c3-202bbeb120bb.webp","folgeerkrankungen-bei-diabetes-risiken-verstehen.webp"
"23d6828b-d454-4d84-9f7c-7bb571407201","Folgen Risiken Uebergewicht Koerper",,"23d6828b-d454-4d84-9f7c-7bb571407201.webp","folgen-risiken-uebergewicht-koerper.webp"
"f875ad11-63f9-4690-bc93-da388772e622","Frauen Maennergesundheit Vorsorge Untersuchungen Orientierung",,"f875ad11-63f9-4690-bc93-da388772e622.webp","frauen-maennergesundheit-vorsorge-untersuchungen-orientierung.webp"
"7c51bf08-e510-4834-8583-535f4264f5cd","Frueherkennung Immer Gut Nutzen Risiken Ueberdiagnosen",,"7c51bf08-e510-4834-8583-535f4264f5cd.webp","frueherkennung-immer-gut-nutzen-risiken-ueberdiagnosen.webp"
"31edf183-2a72-472d-8201-4ae78e287b51","Frueherkennung Und Screening Verstehen Was Wird Gesucht Und Warum",,"31edf183-2a72-472d-8201-4ae78e287b51.webp","frueherkennung-und-screening-verstehen-was-wird-gesucht-und-warum.webp"
"ca37fd89-6d11-4f63-99b2-4476bde73017","Gebaermutterhals Frueherkennung Pap Test Hpv Test Ergebnisse Einordnen",,"ca37fd89-6d11-4f63-99b2-4476bde73017.webp","gebaermutterhals-frueherkennung-pap-test-hpv-test-ergebnisse-einordnen.webp"
"f7355a24-bee7-481e-888c-34fb16e42c55","Gesundheitsrisiken Blutdruck Krebs Leber Evidenz",,"f7355a24-bee7-481e-888c-34fb16e42c55.webp","gesundheitsrisiken-blutdruck-krebs-leber-evidenz.webp"
"e590fafa-eeb3-4429-b388-d2d6682843a3","Gluten Laktose Unvertraeglichkeiten Richtig Einordnen",,"e590fafa-eeb3-4429-b388-d2d6682843a3.webp","gluten-laktose-unvertraeglichkeiten-richtig-einordnen.webp"
"94ae2144-8174-4b3d-92b7-7d0c98135412","Gute Fragen Stellen Diagnose Optionen Risiken Orientierung",,"94ae2144-8174-4b3d-92b7-7d0c98135412.webp","gute-fragen-stellen-diagnose-optionen-risiken-orientierung.webp"
"fac8b953-e12f-4f11-b509-8cf34f57cb63","Hautkrebs Vorbeugen Uv Sonnenschutz Solarium Warnzeichen",,"fac8b953-e12f-4f11-b509-8cf34f57cb63.webp","hautkrebs-vorbeugen-uv-sonnenschutz-solarium-warnzeichen.webp"
"b29da467-6ef0-4409-bb08-5d936d5d9f35","Herzinfarkt Mythen Typische Fehlannahmen Warnzeichen Orientierung",,"b29da467-6ef0-4409-bb08-5d936d5d9f35.webp","herzinfarkt-mythen-typische-fehlannahmen-warnzeichen-orientierung.webp"
"f95057a9-266a-4da0-99da-a5d8079ecd33","Herzinfarkt Mythen Warnzeichen Orientierung",,"f95057a9-266a-4da0-99da-a5d8079ecd33.webp","herzinfarkt-mythen-warnzeichen-orientierung.webp"
"e018dc92-350b-405a-81dc-c82c608718e7","Herzinsuffizienz Was Das Herz Nicht Mehr Schafft Und Was Das Im Alltag Bedeutet",,"e018dc92-350b-405a-81dc-c82c608718e7.webp","herzinsuffizienz-was-das-herz-nicht-mehr-schafft-und-was-das-im-alltag-bedeutet.webp"
"086617bb-690a-4463-a779-4c2d48d87938","Herz Kreislauf Risiko Checks Blutdruck Blutfette Diabetes",,"086617bb-690a-4463-a779-4c2d48d87938.webp","herz-kreislauf-risiko-checks-blutdruck-blutfette-diabetes.webp"
"697146eb-59fd-4866-9b2b-fd6d5a328c1c","Herzrhythmus Vorhofflimmern Unregelmaessiger Puls",,"697146eb-59fd-4866-9b2b-fd6d5a328c1c.webp","herzrhythmus-vorhofflimmern-unregelmaessiger-puls.webp"
"cbba050b-546f-4456-b8b9-e6b9b0456516","Herz Untersuchungen Verstehen Ekg Echo Belastungstest Labor",,"cbba050b-546f-4456-b8b9-e6b9b0456516.webp","herz-untersuchungen-verstehen-ekg-echo-belastungstest-labor.webp"
"7acc2a8e-ff78-4441-b518-60cd04c1a7dc","Heuschnupfen Pollenallergie Symptome Saison Was Hilft",,"7acc2a8e-ff78-4441-b518-60cd04c1a7dc.webp","heuschnupfen-pollenallergie-symptome-saison-was-hilft.webp"
"a63f37eb-0c0c-404b-9fb4-8191edcca1ae","Hilfe Bei Abhaengigkeit Anlaufstellen Therapieoptionen Rueckfall Orientierung",,"a63f37eb-0c0c-404b-9fb4-8191edcca1ae.webp","hilfe-bei-abhaengigkeit-anlaufstellen-therapieoptionen-rueckfall-orientierung.webp"
"a2fad2c8-a91e-4a2e-b1a3-3fab11ae358f","Hilfe Finden Anlaufstellen Gespraech Behandlung",,"a2fad2c8-a91e-4a2e-b1a3-3fab11ae358f.webp","hilfe-finden-anlaufstellen-gespraech-behandlung.webp"
"7d8b12ba-e820-49eb-bfa6-9edbf98433e6","Hilfe Finden Gespraech Therapieformen Anlaufstellen Orientierung",,"7d8b12ba-e820-49eb-bfa6-9edbf98433e6.webp","hilfe-finden-gespraech-therapieformen-anlaufstellen-orientierung.webp"
"7e2b9f0f-aa64-4204-a612-9dfe21f53adb","Hilfe Finden Hausarzt Psychotherapie Notfall Naechste Schritte",,"7e2b9f0f-aa64-4204-a612-9dfe21f53adb.webp","hilfe-finden-hausarzt-psychotherapie-notfall-naechste-schritte.webp"
"35065573-d667-4624-b076-492592e01e42","Hilfe Nach Belastenden Ereignissen Anlaufstellen Therapieformen Orientierung",,"35065573-d667-4624-b076-492592e01e42.webp","hilfe-nach-belastenden-ereignissen-anlaufstellen-therapieformen-orientierung.webp"
"de67910a-f4ac-48ac-b180-89b2d78bfd6c","Hormone Machen Dick Gewicht Stoffwechsel Fehlannahmen",,"de67910a-f4ac-48ac-b180-89b2d78bfd6c.webp","hormone-machen-dick-gewicht-stoffwechsel-fehlannahmen.webp"
"5ff14f8a-3c07-4bdd-86c0-2048d332eb32","Igel Selbstzahlerleistungen Verstehen",,"5ff14f8a-3c07-4bdd-86c0-2048d332eb32.webp","igel-selbstzahlerleistungen-verstehen.webp"
"ac123770-20ed-4428-a912-b0544f766e4a","Im Krankenhaus Aufnahme Ablaeufe Entlassung Orientierung",,"ac123770-20ed-4428-a912-b0544f766e4a.webp","im-krankenhaus-aufnahme-ablaeufe-entlassung-orientierung.webp"
"399459f0-b060-4092-96bd-e8f16d4ac189","Impf Mythen Erkennen Typische Behauptungen Pruefen",,"399459f0-b060-4092-96bd-e8f16d4ac189.webp","impf-mythen-erkennen-typische-behauptungen-pruefen.webp"
"9e79f93d-416a-4003-a17b-c81d23120fab","Impfplan Oesterreich Erwachsene Senioren Orientierung",,"9e79f93d-416a-4003-a17b-c81d23120fab.webp","impfplan-oesterreich-erwachsene-senioren-orientierung.webp"
"69b65e97-56b4-41a8-8c57-2d1278766626","Impfplan Oesterreich Kinder Jugendliche Orientierung",,"69b65e97-56b4-41a8-8c57-2d1278766626.webp","impfplan-oesterreich-kinder-jugendliche-orientierung.webp"
"72fbae22-1443-4af3-895b-dad325f12d1c","Impfplan Oesterreich Schwangerschaft Stillzeit Kinderwunsch Orientierung",,"72fbae22-1443-4af3-895b-dad325f12d1c.webp","impfplan-oesterreich-schwangerschaft-stillzeit-kinderwunsch-orientierung.webp"
"de57b931-9ebe-4c85-9688-81b660208b48","Impfplan Oesterreich Ueberblick Logik Lesen Orientierung",,"de57b931-9ebe-4c85-9688-81b660208b48.webp","impfplan-oesterreich-ueberblick-logik-lesen-orientierung.webp"
"1714e39a-b1a6-4228-8306-aaf26d5c0d53","Impfungen Verstehen Nutzen Risiken Wirksamkeit Studien",,"1714e39a-b1a6-4228-8306-aaf26d5c0d53.webp","impfungen-verstehen-nutzen-risiken-wirksamkeit-studien.webp"
"a8d29bb8-2e9e-48c3-8b6a-5fd1bb1adfaf","Indikationsimpfungen Beruf Ausbildung Exposition Orientierung",,"a8d29bb8-2e9e-48c3-8b6a-5fd1bb1adfaf.webp","indikationsimpfungen-beruf-ausbildung-exposition-orientierung.webp"
"0fa62e72-1b52-4668-9c48-e14ec57db3a4","Indikationsimpfungen Besondere Situationen Kontaktpersonen Orientierung",,"0fa62e72-1b52-4668-9c48-e14ec57db3a4.webp","indikationsimpfungen-besondere-situationen-kontaktpersonen-orientierung.webp"
"d144bb55-3e15-4d46-a8ca-c79eb556814d","Indikationsimpfungen Chronische Erkrankungen Immunsuppression Orientierung",,"d144bb55-3e15-4d46-a8ca-c79eb556814d.webp","indikationsimpfungen-chronische-erkrankungen-immunsuppression-orientierung.webp"
"8ac987ee-709e-4bbe-9270-c06a6431a060","Indikationsimpfungen Reise Reisemedizin Orientierung",,"8ac987ee-709e-4bbe-9270-c06a6431a060.webp","indikationsimpfungen-reise-reisemedizin-orientierung.webp"
"13b6a05b-8e5a-4f2e-8710-3812337e5db4","Insomnie Verstehen EIN Und Durchschlafprobleme Orientierung",,"13b6a05b-8e5a-4f2e-8710-3812337e5db4.webp","insomnie-verstehen-ein-und-durchschlafprobleme-orientierung.webp"
"acf35bdc-9a8e-4031-ab68-8432c966b445","Interessenkonflikte Erkennen Werbung Studien Empfehlungen Einordnen",,"acf35bdc-9a8e-4031-ab68-8432c966b445.webp","interessenkonflikte-erkennen-werbung-studien-empfehlungen-einordnen.webp"
"6746ff84-0f85-4df3-b97b-bdf7e9153b44","Interessenkonflikte Werbung Empfehlungen Beeinflusst",,"6746ff84-0f85-4df3-b97b-bdf7e9153b44.webp","interessenkonflikte-werbung-empfehlungen-beeinflusst.webp"
"19cd65b7-d629-4daf-94be-dc3dff951d16","Isg Bandscheibe Ischias Ausstrahlende Schmerzen",,"19cd65b7-d629-4daf-94be-dc3dff951d16.webp","isg-bandscheibe-ischias-ausstrahlende-schmerzen.webp"
"abc12d50-a164-4dfc-87cb-6ccb0c74a7d9","Khk Angina Herzinfarkt Was Es Ist Und Woran Man Es Erkennt",,"abc12d50-a164-4dfc-87cb-6ccb0c74a7d9.webp","khk-angina-herzinfarkt-was-es-ist-und-woran-man-es-erkennt.webp"
"6bc1799e-08e0-4207-9b33-a445f2695f8c","Kinderwunsch Hormone Haeufige Mythen Orientierung",,"6bc1799e-08e0-4207-9b33-a445f2695f8c.webp","kinderwunsch-hormone-haeufige-mythen-orientierung.webp"
"886cd9b4-d3e8-496e-97e0-fbbbf7b6c0cb","Knacken Dehnen Faszien Was Stimmt Und Was Wird Uebertrieben",,"886cd9b4-d3e8-496e-97e0-fbbbf7b6c0cb.webp","knacken-dehnen-faszien-was-stimmt-und-was-wird-uebertrieben.webp"
"3bde37c1-b631-4cfb-a909-8c7fbed1f141","Koffein Energy Drinks Mythen Risiken Grenzwerte",,"3bde37c1-b631-4cfb-a909-8c7fbed1f141.webp","koffein-energy-drinks-mythen-risiken-grenzwerte.webp"
"6f2ee24b-ccd5-469e-9798-9b197f60aead","Koffein Schlaf Stress Timing Abendroutine Wechselwirkungen",,"6f2ee24b-ccd5-469e-9798-9b197f60aead.webp","koffein-schlaf-stress-timing-abendroutine-wechselwirkungen.webp"
"a86834da-3089-4d39-b550-a1dbb73fdd77","Koffein Verstehen Wirkung Abbau Unterschiede",,"a86834da-3089-4d39-b550-a1dbb73fdd77.webp","koffein-verstehen-wirkung-abbau-unterschiede.webp"
"d97b9b94-6745-42db-8495-0d8e023a7498","Kontrastmittel Wozu Risiken Wann Vorsicht Orientierung",,"d97b9b94-6745-42db-8495-0d8e023a7498.webp","kontrastmittel-wozu-risiken-wann-vorsicht-orientierung.webp"
"2d06ca87-4d74-4164-a9bb-3cecd08187b6","Kopfschmerzen Verstehen Haeufige Arten Ursachen Verlauf",,"2d06ca87-4d74-4164-a9bb-3cecd08187b6.webp","kopfschmerzen-verstehen-haeufige-arten-ursachen-verlauf.webp"
"947a5e39-0d11-4e20-9839-13c2098f5ab4","Krafttraining Muskelmasse Abnehmen Einordnung",,"947a5e39-0d11-4e20-9839-13c2098f5ab4.webp","krafttraining-muskelmasse-abnehmen-einordnung.webp"
"1e3d505e-708f-430d-8132-4b77e9fef484","Krebs Frueherkennung Screenings Fuer Wen",,"1e3d505e-708f-430d-8132-4b77e9fef484.webp","krebs-frueherkennung-screenings-fuer-wen.webp"
"f2534d39-8631-4580-b651-203e8ecefee2","Krebsfrueherkennung Verstehen Nutzen Risiken Ueberdiagnose",,"f2534d39-8631-4580-b651-203e8ecefee2.webp","krebsfrueherkennung-verstehen-nutzen-risiken-ueberdiagnose.webp"
"d461e872-c6dd-4f12-9cae-91948095755b","Laborwerte Lesen Referenzbereiche Einheiten Abweichungen",,"d461e872-c6dd-4f12-9cae-91948095755b.webp","laborwerte-lesen-referenzbereiche-einheiten-abweichungen.webp"
"98307e1d-7d85-4519-b12c-e00409b66506","Leben Mit Copd Asthma Alltag Bewegung Atemtechniken Inhalation Exazerbationen Vermeiden",,"98307e1d-7d85-4519-b12c-e00409b66506.webp","leben-mit-copd-asthma-alltag-bewegung-atemtechniken-inhalation-exazerbationen-vermeiden.webp"
"d4b3c88c-34ad-452c-b6a6-e5d8b33cd045","Long Covid Typische Behauptungen Was Belegt Ist Und Was Nicht",,"d4b3c88c-34ad-452c-b6a6-e5d8b33cd045.webp","long-covid-typische-behauptungen-was-belegt-ist-und-was-nicht.webp"
"7c77333e-d3a5-4372-9703-3c206202cc85","Low Carb Keto Diabetes Plausibel Uebertrieben",,"7c77333e-d3a5-4372-9703-3c206202cc85.webp","low-carb-keto-diabetes-plausibel-uebertrieben.webp"
"f23d4c86-41c7-4b62-900c-b526bcece845","Mammographie Screening Brustkrebs Frueherkennung Nutzen Risiken Orientierung",,"f23d4c86-41c7-4b62-900c-b526bcece845.webp","mammographie-screening-brustkrebs-frueherkennung-nutzen-risiken-orientierung.webp"
"c9308dfe-6caf-4a52-933c-9a9711760467","Me Cfs Verstehen Abgrenzung Pem Missverstaendnisse Orientierung",,"c9308dfe-6caf-4a52-933c-9a9711760467.webp","me-cfs-verstehen-abgrenzung-pem-missverstaendnisse-orientierung.webp"
"99b33410-79e9-4598-9a3a-911a47ab4002","Medikamente Verstehen Klassen Wirkungsidee Nebenwirkungen",,"99b33410-79e9-4598-9a3a-911a47ab4002.webp","medikamente-verstehen-klassen-wirkungsidee-nebenwirkungen.webp"
"995dd52f-8e9e-4d21-8045-3cc061f39835","Migraene Attacken Aura Ausloeser Was Wirklich Hilft",,"995dd52f-8e9e-4d21-8045-3cc061f39835.webp","migraene-attacken-aura-ausloeser-was-wirklich-hilft.webp"
"290fc7d4-57ed-48b9-bf3c-d4b05f6c0b83","Mikrobiom Mythen Was Gesichert Ist Und Was Marketing Ist",,"290fc7d4-57ed-48b9-bf3c-d4b05f6c0b83.webp","mikrobiom-mythen-was-gesichert-ist-und-was-marketing-ist.webp"
"d276f399-3a8b-487c-a35b-76d2a9f900ce","Motivation Und Belohnung Warum Wir Scheitern Und Was Hilft Ohne Moral",,"d276f399-3a8b-487c-a35b-76d2a9f900ce.webp","motivation-und-belohnung-warum-wir-scheitern-und-was-hilft-ohne-moral.webp"
"0b8287d8-77d3-4e48-a0ab-d2812854b3ad","Mrt Ct Roentgen Unterschiede Orientierung",,"0b8287d8-77d3-4e48-a0ab-d2812854b3ad.webp","mrt-ct-roentgen-unterschiede-orientierung.webp"
"0a8f6e40-ccca-4354-bb25-8c1dcad73d35","Mythen Desinformation Typische Muster Erkennen Fakten Einordnen Orientierung",,"0a8f6e40-ccca-4354-bb25-8c1dcad73d35.webp","mythen-desinformation-typische-muster-erkennen-fakten-einordnen-orientierung.webp"
"63d608c1-89c2-404c-ac4e-d1d70953cb35","Mythen Fakten Reiss Dich Zusammen Panik Einordnung",,"63d608c1-89c2-404c-ac4e-d1d70953cb35.webp","mythen-fakten-reiss-dich-zusammen-panik-einordnung.webp"
"75360e2c-8db7-44b8-a15b-623f144e98e6","Mythen Fakten Zeit Heilt Alles Trauma Vergessen Einordnung",,"75360e2c-8db7-44b8-a15b-623f144e98e6.webp","mythen-fakten-zeit-heilt-alles-trauma-vergessen-einordnung.webp"
"875c6593-f321-4108-8f03-471648d04a96","Mythen Rund Ums Abnehmen Evidenz",,"875c6593-f321-4108-8f03-471648d04a96.webp","mythen-rund-ums-abnehmen-evidenz.webp"
"d972f757-f192-4a72-930d-11be57201712","Mythen Vs Fakten Impfungen",,"d972f757-f192-4a72-930d-11be57201712.webp","mythen-vs-fakten-impfungen.webp"
"f1a22c5a-17fd-4a6a-a5aa-d4fc327b58cf","Nahrungsmittelallergie Vs Unvertraeglichkeit Unterschied",,"f1a22c5a-17fd-4a6a-a5aa-d4fc327b58cf.webp","nahrungsmittelallergie-vs-unvertraeglichkeit-unterschied.webp"
"b9dad8ac-6483-414d-be1e-d5e807e8245b","Natuerlich Ist Besser Was Naturmittel Koennen Und Wo Grenzen Sind",,"b9dad8ac-6483-414d-be1e-d5e807e8245b.webp","natuerlich-ist-besser-was-naturmittel-koennen-und-wo-grenzen-sind.webp"
"9a1d70ae-9aff-4dc5-b0b3-6dd7cbaf8f81","Nebenwirkungen Verstehen Haeufigkeit Schwere Einordnung",,"9a1d70ae-9aff-4dc5-b0b3-6dd7cbaf8f81.webp","nebenwirkungen-verstehen-haeufigkeit-schwere-einordnung.webp"
"ace86a1d-0171-42d4-ad51-3c7887a81bf2","Nutzen Und Risiken Von Screening",,"ace86a1d-0171-42d4-ad51-3c7887a81bf2.webp","nutzen-und-risiken-von-screening.webp"
"ce8018c7-000d-4d46-b3b0-54d4713a4655","Omega 3 Magnesium Zink Co Studien",,"ce8018c7-000d-4d46-b3b0-54d4713a4655.webp","omega-3-magnesium-zink-co-studien.webp"
"930e4492-1b59-41a8-8458-24b4895354f6","Pacing Aktivitaet Haeufige Fehlannahmen",,"930e4492-1b59-41a8-8458-24b4895354f6.webp","pacing-aktivitaet-haeufige-fehlannahmen.webp"
"c54d4f38-5fa4-442a-bc64-2e76a2a47d3d","Parodontitis Risiko Verlauf Zusammenhang Allgemeingesundheit Orientierung",,"c54d4f38-5fa4-442a-bc64-2e76a2a47d3d.webp","parodontitis-risiko-verlauf-zusammenhang-allgemeingesundheit-orientierung.webp"
"b74d4e87-983b-4ac8-bb53-157ac21a922d","Patientenakte Patientenquittung Wozu Wie Anfordern Orientierung",,"b74d4e87-983b-4ac8-bb53-157ac21a922d.webp","patientenakte-patientenquittung-wozu-wie-anfordern-orientierung.webp"
"3dfe5746-b15b-46b8-b356-da95ab131908","Patientenrechte Aufklaerung Einsicht Datenschutz Orientierung",,"3dfe5746-b15b-46b8-b356-da95ab131908.webp","patientenrechte-aufklaerung-einsicht-datenschutz-orientierung.webp"
"bee80a71-06db-4616-a194-4a16201e87ee","Patientenschulung Warum Sie Hilft Wie Du Angebote Findest Orientierung",,"bee80a71-06db-4616-a194-4a16201e87ee.webp","patientenschulung-warum-sie-hilft-wie-du-angebote-findest-orientierung.webp"
"74118945-6d05-447c-a0d1-5dc089f228e5","Pflege Und Hilfsmittel Ansprueche Anlaufstellen Orientierung",,"74118945-6d05-447c-a0d1-5dc089f228e5.webp","pflege-und-hilfsmittel-ansprueche-anlaufstellen-orientierung.webp"
"0d8b269b-85e3-4392-b912-1558c3ec3995","Praevention Im Alltag Schlaf Stress Rhythmus Was Oft Wirkt",,"0d8b269b-85e3-4392-b912-1558c3ec3995.webp","praevention-im-alltag-schlaf-stress-rhythmus-was-oft-wirkt.webp"
"13f29aea-625c-41f6-9d95-d88faaf01dc3","Praevention Kondome Safer Sex Kommunikation Risiko Reduzieren",,"13f29aea-625c-41f6-9d95-d88faaf01dc3.webp","praevention-kondome-safer-sex-kommunikation-risiko-reduzieren.webp"
"227e3656-e67b-42d8-ae52-0275cb6b6679","Prostata Psa Frueherkennung Orientierung",,"227e3656-e67b-42d8-ae52-0275cb6b6679.webp","prostata-psa-frueherkennung-orientierung.webp"
"ade2b290-6ad7-414a-8f77-3b90d04ac3f0","Quellencheck Gute Gesundheitsinfos Erkennen",,"ade2b290-6ad7-414a-8f77-3b90d04ac3f0.webp","quellencheck-gute-gesundheitsinfos-erkennen.webp"
"b5ffc268-0cc2-4a80-b9f4-a80314b8735f","Rauchen Gesundheit Schaeden Risiko Passivrauch Einordnung",,"b5ffc268-0cc2-4a80-b9f4-a80314b8735f.webp","rauchen-gesundheit-schaeden-risiko-passivrauch-einordnung.webp"
"3b86b8ac-032d-408a-926a-b610dc3b604b","Reduzieren Statt Verbot Strategien Alkoholfreie Tage Warnsignale",,"3b86b8ac-032d-408a-926a-b610dc3b604b.webp","reduzieren-statt-verbot-strategien-alkoholfreie-tage-warnsignale.webp"
"717ee94a-c93b-4597-87ba-4ad64d3791e9","Reha Ziele Antrag Ablauf Orientierung",,"717ee94a-c93b-4597-87ba-4ad64d3791e9.webp","reha-ziele-antrag-ablauf-orientierung.webp"
"172c0be8-b118-4449-9dec-27dad7db13bd","Richtig Putzen Fluorid Was Wirklich Zaehlt",,"172c0be8-b118-4449-9dec-27dad7db13bd.webp","richtig-putzen-fluorid-was-wirklich-zaehlt.webp"
"f0e74118-77ce-4d38-a045-6b57af51e148","Risiken Folgeprobleme Herz Gehirn Niere Kontrolle Wichtig",,"f0e74118-77ce-4d38-a045-6b57af51e148.webp","risiken-folgeprobleme-herz-gehirn-niere-kontrolle-wichtig.webp"
"ea3d148f-f46b-43be-bf18-30e97dbfde44","Risiken Verstehen Wahrscheinlichkeit Haeufigkeit Unsicherheit Orientierung",,"ea3d148f-f46b-43be-bf18-30e97dbfde44.webp","risiken-verstehen-wahrscheinlichkeit-haeufigkeit-unsicherheit-orientierung.webp"
"86cf34b1-f813-4ede-ba9a-7a98e039fd79","Risikofrageboegen Stop Bang Epworth Was Sie Leisten Und Was Nicht",,"86cf34b1-f813-4ede-ba9a-7a98e039fd79.webp","risikofrageboegen-stop-bang-epworth-was-sie-leisten-und-was-nicht.webp"
"e14df4fb-e846-4586-aa40-5e10d553b9a2","Ruecken Haltung Gerader Ruecken Falsche Haltung Einordnung",,"e14df4fb-e846-4586-aa40-5e10d553b9a2.webp","ruecken-haltung-gerader-ruecken-falsche-haltung-einordnung.webp"
"17103756-f431-451a-8d53-ee5f9c20de2e","Rueckenschmerzen Verstehen Haeufige Ursachen Verlauf Einordnung",,"17103756-f431-451a-8d53-ee5f9c20de2e.webp","rueckenschmerzen-verstehen-haeufige-ursachen-verlauf-einordnung.webp"
"cf1150b8-15b1-4a77-b2d6-5bdea50f7c2f","Rueckfall Neustart Huerden Umgang Mit Stress Unterstuetzung Nutzen",,"cf1150b8-15b1-4a77-b2d6-5bdea50f7c2f.webp","rueckfall-neustart-huerden-umgang-mit-stress-unterstuetzung-nutzen.webp"
"3aa99fc9-f6f4-49c8-a43e-20bf41cf25cd","Schichtarbeit Jetlag Schlaf Ausnahmemodus Orientierung",,"3aa99fc9-f6f4-49c8-a43e-20bf41cf25cd.webp","schichtarbeit-jetlag-schlaf-ausnahmemodus-orientierung.webp"
"3da156fc-6f84-47ab-b2e1-28e3e794deea","Schilddruesen Mythen Unter Ueberfunktion Jod Symptome",,"3da156fc-6f84-47ab-b2e1-28e3e794deea.webp","schilddruesen-mythen-unter-ueberfunktion-jod-symptome.webp"
"c1181a64-1fdb-4eab-b144-171b03d589a9","Schlafapnoe Verstehen Orientierung",,"c1181a64-1fdb-4eab-b144-171b03d589a9.webp","schlafapnoe-verstehen-orientierung.webp"
"152f9da3-8564-4c18-9d99-9e522b22ace8","Schlafhygiene Licht Bildschirm Koffein Routine Was Wirklich Hilft",,"152f9da3-8564-4c18-9d99-9e522b22ace8.webp","schlafhygiene-licht-bildschirm-koffein-routine-was-wirklich-hilft.webp"
"0b684172-8d81-4111-b1f1-012e79872522","Schlafmittel Einordnen Nutzen Risiken Abhaengigkeit Orientierung",,"0b684172-8d81-4111-b1f1-012e79872522.webp","schlafmittel-einordnen-nutzen-risiken-abhaengigkeit-orientierung.webp"
"07a92746-2971-4c1e-a1fc-18a6c180b3e0","Schlaf Verstehen Schlafphasen Bedarf Warum Schlaf Wichtig Ist",,"07a92746-2971-4c1e-a1fc-18a6c180b3e0.webp","schlaf-verstehen-schlafphasen-bedarf-warum-schlaf-wichtig-ist.webp"
"6615294e-c677-4c59-9e17-8bba9029c9d4","Schlaganfall Tia Warnzeichen Verstehen Richtig Reagieren",,"6615294e-c677-4c59-9e17-8bba9029c9d4.webp","schlaganfall-tia-warnzeichen-verstehen-richtig-reagieren.webp"
"62210f8c-c34c-4543-9e18-91b551d8353b","Schmerzen Warnzeichen Wann Abklaeren Lassen Orientierung",,"62210f8c-c34c-4543-9e18-91b551d8353b.webp","schmerzen-warnzeichen-wann-abklaeren-lassen-orientierung.webp"
"a906ebf8-1e27-4621-a57d-c6016f00f8c9","Schmerz Und Fiebermittel Paracetamol Ibuprofen Ass Einordnung Typische Risiken",,"a906ebf8-1e27-4621-a57d-c6016f00f8c9.webp","schmerz-und-fiebermittel-paracetamol-ibuprofen-ass-einordnung-typische-risiken.webp"
"f73a930f-21de-422e-bc96-3e26756df9fc","Schwangerschaft Praenatale Untersuchungen Ultraschall Tests Einordnung",,"f73a930f-21de-422e-bc96-3e26756df9fc.webp","schwangerschaft-praenatale-untersuchungen-ultraschall-tests-einordnung.webp"
"92237755-8fb3-46d2-b8aa-368fb5ea854a","Selbsthilfe Und Bewegung Im Alltag Ohne Heilversprechen",,"92237755-8fb3-46d2-b8aa-368fb5ea854a.webp","selbsthilfe-und-bewegung-im-alltag-ohne-heilversprechen.webp"
"5370d26c-097a-4d26-97f4-b11070548fe5","Shared Decision Making Gemeinsam Entscheiden",,"5370d26c-097a-4d26-97f4-b11070548fe5.webp","shared-decision-making-gemeinsam-entscheiden.webp"
"ec117097-46f7-4700-ad65-804feeb63cf2","Sichere Anwendung Vor Der Einnahme Klaeren Orientierung",,"ec117097-46f7-4700-ad65-804feeb63cf2.webp","sichere-anwendung-vor-der-einnahme-klaeren-orientierung.webp"
"2963c1f3-476e-4974-96d1-53389a9f7511","Sitzen Alltag Schritte Pausen Rueckenfreundlichkeit Kleine Hebel",,"2963c1f3-476e-4974-96d1-53389a9f7511.webp","sitzen-alltag-schritte-pausen-rueckenfreundlichkeit-kleine-hebel.webp"
"1cc45f3e-7adb-4f5b-a31a-c9fb5b684909","Solarien Mythen Vorbraeunen Schuetzt",,"1cc45f3e-7adb-4f5b-a31a-c9fb5b684909.webp","solarien-mythen-vorbraeunen-schuetzt.webp"
"708aa6df-21bc-4290-a4f6-fabd5b1ab385","Solarium Kuenstliche Uv Risiken Mythen Vorbraeunen",,"708aa6df-21bc-4290-a4f6-fabd5b1ab385.webp","solarium-kuenstliche-uv-risiken-mythen-vorbraeunen.webp"
"b6ae8aba-8c91-424b-8a77-bac2a23de89d","Sonnencreme Mythen Toxisch Vitamin D Blockade Chemisch Mineralisch",,"b6ae8aba-8c91-424b-8a77-bac2a23de89d.webp","sonnencreme-mythen-toxisch-vitamin-d-blockade-chemisch-mineralisch.webp"
"d272695f-0725-446d-8d4f-d768da628b0e","Sonnenschutz Im Alltag Spf Richtig Eincremen Kleidung Schatten",,"d272695f-0725-446d-8d4f-d768da628b0e.webp","sonnenschutz-im-alltag-spf-richtig-eincremen-kleidung-schatten.webp"
"ab4074de-9848-4c9d-9185-1a3c923447dd","Spannungskopfschmerz Stress Haltung Muskelverspannung",,"ab4074de-9848-4c9d-9185-1a3c923447dd.webp","spannungskopfschmerz-stress-haltung-muskelverspannung.webp"
"202de368-fd50-496c-b9e1-8e8adc7fdb94","Sportverletzungen Typische Faelle Erste Schritte Wann Abklaeren Orientierung",,"202de368-fd50-496c-b9e1-8e8adc7fdb94.webp","sportverletzungen-typische-faelle-erste-schritte-wann-abklaeren-orientierung.webp"
"1027faac-13f9-414f-b20b-321f5355d118","Start Ohne Frust Muskelkater Aufwaermen Regeneration Basics",,"1027faac-13f9-414f-b20b-321f5355d118.webp","start-ohne-frust-muskelkater-aufwaermen-regeneration-basics.webp"
"4d6f273f-e809-418b-b175-6795d113d0a5","Sti Verstehen Ueberblick Infektionen Uebertragung Haeufigkeit",,"4d6f273f-e809-418b-b175-6795d113d0a5.webp","sti-verstehen-ueberblick-infektionen-uebertragung-haeufigkeit.webp"
"9c8ceea0-2b3e-488e-9f81-62fd5848fdb4","Stress Burnout Warnsignale Belastungsfaktoren Erholung Realistisch Planen",,"9c8ceea0-2b3e-488e-9f81-62fd5848fdb4.webp","stress-burnout-warnsignale-belastungsfaktoren-erholung-realistisch-planen.webp"
"7b8b6772-bc12-4c14-ab41-239921b06994","Stress Verstehen Koerperreaktion Symptome Wann Es Zu Viel Wird",,"7b8b6772-bc12-4c14-ab41-239921b06994.webp","stress-verstehen-koerperreaktion-symptome-wann-es-zu-viel-wird.webp"
"1e783579-58f1-44e3-bdc3-9f4aed134db5","Sucht Erkennen Warnzeichen Kontrollverlust Toleranz Entzug Orientierung",,"1e783579-58f1-44e3-bdc3-9f4aed134db5.webp","sucht-erkennen-warnzeichen-kontrollverlust-toleranz-entzug-orientierung.webp"
"95a95a6a-1b27-49d5-a7d9-045039e06e15","Suessstoffe Mythen Machen Dick Machen Diabetes Evidenz Einordnen",,"95a95a6a-1b27-49d5-a7d9-045039e06e15.webp","suessstoffe-mythen-machen-dick-machen-diabetes-evidenz-einordnen.webp"
"ccfb3e44-dc4a-40d5-94de-ba3af1614fb4","Supplements Was Es Ist Wann Sinnvoll Wann Eher Marketing Orientierung",,"ccfb3e44-dc4a-40d5-94de-ba3af1614fb4.webp","supplements-was-es-ist-wann-sinnvoll-wann-eher-marketing-orientierung.webp"
"95751496-a064-4147-9242-2eddce621af7","Symptome Typische Verlaeufe Wann Abklaeren Lassen Orientierung Keine Diagnose",,"95751496-a064-4147-9242-2eddce621af7.webp","symptome-typische-verlaeufe-wann-abklaeren-lassen-orientierung-keine-diagnose.webp"
"9f7f6e08-7347-4349-889f-22a03c68c187","Telefonische Beratung Hotlines Wann Sinnvoll Was Vorbereiten",,"9f7f6e08-7347-4349-889f-22a03c68c187.webp","telefonische-beratung-hotlines-wann-sinnvoll-was-vorbereiten.webp"
"e0663c9a-ff24-4302-964c-e92ea95f326a","Tests Bei Infekten Schnelltest Pcr Crp Orientierung",,"e0663c9a-ff24-4302-964c-e92ea95f326a.webp","tests-bei-infekten-schnelltest-pcr-crp-orientierung.webp"
"0713fb3d-9da7-4ba8-9836-716c05f52913","Tests Und Screening Welche Tests Wann Sinnvoll Fensterzeiten",,"0713fb3d-9da7-4ba8-9836-716c05f52913.webp","tests-und-screening-welche-tests-wann-sinnvoll-fensterzeiten.webp"
"526db99c-2167-420e-a243-eef91773efb3","Trauma Ptbs Verstehen Symptome Trigger Verlauf",,"526db99c-2167-420e-a243-eef91773efb3.webp","trauma-ptbs-verstehen-symptome-trigger-verlauf.webp"
"fd1a063a-7dda-45b7-9db7-7d1e3b22d174","Trigger Erkennen Kopfschmerz Migraenetagebuch Muster Finden",,"fd1a063a-7dda-45b7-9db7-7d1e3b22d174.webp","trigger-erkennen-kopfschmerz-migraenetagebuch-muster-finden.webp"
"05c8397c-082f-4916-ba00-c7020891846b","Trigger Ernaehrung Koffein Alkohol Einordnung Ohne Dogma",,"05c8397c-082f-4916-ba00-c7020891846b.webp","trigger-ernaehrung-koffein-alkohol-einordnung-ohne-dogma.webp"
"17ec5be3-e93e-4323-8106-348a79692bf3","Uebergewicht Adipositas Verstehen Ursachen Einordnung",,"17ec5be3-e93e-4323-8106-348a79692bf3.webp","uebergewicht-adipositas-verstehen-ursachen-einordnung.webp"
"8f8027f0-8208-41e0-a521-f9b0099646e2","Ueberlastung Vermeiden Sehnen Gelenke Dosierung Stufenweise Steigern",,"8f8027f0-8208-41e0-a521-f9b0099646e2.webp","ueberlastung-vermeiden-sehnen-gelenke-dosierung-stufenweise-steigern.webp"
"93f1f7d3-189e-4301-b9fe-e94b6035ed4b","Uebungen Und Programme Rueckenschule Trainingsplaene Was Taugt Wirklich",,"93f1f7d3-189e-4301-b9fe-e94b6035ed4b.webp","uebungen-und-programme-rueckenschule-trainingsplaene-was-taugt-wirklich.webp"
"adbfcade-a21b-427e-85a1-df50a711da3b","Unterstuetzung Finden Abklaerung Therapie Schule Arbeit Orientierung",,"adbfcade-a21b-427e-85a1-df50a711da3b.webp","unterstuetzung-finden-abklaerung-therapie-schule-arbeit-orientierung.webp"
"cafa8c51-9511-431e-94af-15e24dd46308","Unterstuetzung Im Alltag Hilfen Antraege Versorgungspfade Orientierung",,"cafa8c51-9511-431e-94af-15e24dd46308.webp","unterstuetzung-im-alltag-hilfen-antraege-versorgungspfade-orientierung.webp"
"d8ee4ee1-001e-4352-bde3-85ffb495f553","Uv Und Haut Was Uv Strahlung Macht Warum Sonnenbrand Nicht Harmlos Ist",,"d8ee4ee1-001e-4352-bde3-85ffb495f553.webp","uv-und-haut-was-uv-strahlung-macht-warum-sonnenbrand-nicht-harmlos-ist.webp"
"bac40e02-e6ba-4210-8694-272963152acf","Verhaltenssuechte Gaming Kaufen Sport Internet Einordnung Hilfewege",,"bac40e02-e6ba-4210-8694-272963152acf.webp","verhaltenssuechte-gaming-kaufen-sport-internet-einordnung-hilfewege.webp"
"86c7f4c1-c1e9-43de-868e-0f4dbbe9c871","Viral Vs Bakteriell Warum Das Wichtig Ist Orientierung",,"86c7f4c1-c1e9-43de-868e-0f4dbbe9c871.webp","viral-vs-bakteriell-warum-das-wichtig-ist-orientierung.webp"
"581db302-4a7c-437d-af9a-710f34f72f17","Vitamin D Sonne Wie Viel Sonne Sinnvoll Ohne Extreme",,"581db302-4a7c-437d-af9a-710f34f72f17.webp","vitamin-d-sonne-wie-viel-sonne-sinnvoll-ohne-extreme.webp"
"fa24db91-7f8f-4a6a-a813-77bf446c3b0b","Vitamin D Spiegel Mangel Sonne Einordnung",,"fa24db91-7f8f-4a6a-a813-77bf446c3b0b.webp","vitamin-d-spiegel-mangel-sonne-einordnung.webp"
"7a054d31-8e6d-419c-9dca-d69cd3976a08","Vitamin D Und Sonne Wie Haengt Das Zusammen",,"7a054d31-8e6d-419c-9dca-d69cd3976a08.webp","vitamin-d-und-sonne-wie-haengt-das-zusammen.webp"
"66418218-e4fb-44f9-a30a-64aa784494c6","Vitamine Mineralstoffe Wann Sinnvoll Wann Ueberfluessig",,"66418218-e4fb-44f9-a30a-64aa784494c6.webp","vitamine-mineralstoffe-wann-sinnvoll-wann-ueberfluessig.webp"
"c6444b81-9d51-4d30-9001-515c4c426704","Vorsorge Im Alter Impfungen Alltag",,"c6444b81-9d51-4d30-9001-515c4c426704.webp","vorsorge-im-alter-impfungen-alltag.webp"
"8b7cfc6e-74af-4d65-b7f2-a4ad3279084c","Vorsorge Kinder Jugendliche Untersuchungen Entwicklung Wann Abklaeren",,"8b7cfc6e-74af-4d65-b7f2-a4ad3279084c.webp","vorsorge-kinder-jugendliche-untersuchungen-entwicklung-wann-abklaeren.webp"
"a3615dbd-631a-4960-a429-8501e93c3f56","Vorsorgeuntersuchung Oesterreich Ablauf Inhalte Vorbereitung",,"a3615dbd-631a-4960-a429-8501e93c3f56.webp","vorsorgeuntersuchung-oesterreich-ablauf-inhalte-vorbereitung.webp"
"e93db25c-835c-4443-93d6-5fee36853140","Vorsorge Verstehen Nutzen Risiken Haeufigkeit",,"e93db25c-835c-4443-93d6-5fee36853140.webp","vorsorge-verstehen-nutzen-risiken-haeufigkeit.webp"
"9e2431ed-f8f4-4db0-a9a4-045d09cf8e18","Wann Kopfschmerzen EIN Warnsignal Sind Red Flags Abklaerung",,"9e2431ed-f8f4-4db0-a9a4-045d09cf8e18.webp","wann-kopfschmerzen-ein-warnsignal-sind-red-flags-abklaerung.webp"
"4513f285-24ad-4387-ab48-fbbbc42dfe96","Wann Zum Arzt Warnzeichen Dauer Risiko Orientierung",,"4513f285-24ad-4387-ab48-fbbbc42dfe96.webp","wann-zum-arzt-warnzeichen-dauer-risiko-orientierung.webp"
"502e576c-4335-4065-8174-33c98b333d7c","Warnzeichen Bei Rueckenschmerzen Wann Aerztlich Abklaeren",,"502e576c-4335-4065-8174-33c98b333d7c.webp","warnzeichen-bei-rueckenschmerzen-wann-aerztlich-abklaeren.webp"
"3de1b2ac-1c98-48b3-ba66-e9ca12aa2af3","Warnzeichen Im Mund Wann Abklaeren",,"3de1b2ac-1c98-48b3-ba66-e9ca12aa2af3.webp","warnzeichen-im-mund-wann-abklaeren.webp"
"ce6a9319-0a6c-45f7-9bfc-b82b1f688146","Warnzeichen Notfall Wann Rasch Handeln Sinnvoll Ist",,"ce6a9319-0a6c-45f7-9bfc-b82b1f688146.webp","warnzeichen-notfall-wann-rasch-handeln-sinnvoll-ist.webp"
"c9c67f56-29db-454d-becd-cdc55ecb5cde","Warnzeichen Wechselwirkungen Worauf Achten Was Nachfragen Orientierung",,"c9c67f56-29db-454d-becd-cdc55ecb5cde.webp","warnzeichen-wechselwirkungen-worauf-achten-was-nachfragen-orientierung.webp"
"55c30373-4596-4303-ab85-f9b7c872d152","Was Hilft Im Alltag Waerme Bewegung Erholung Orientierung",,"55c30373-4596-4303-ab85-f9b7c872d152.webp","was-hilft-im-alltag-waerme-bewegung-erholung-orientierung.webp"
"6e770269-d67b-43a2-b6d0-c648811299e7","Was Hilft Schlafberatung Therapieoptionen Wann Abklaeren Orientierung",,"6e770269-d67b-43a2-b6d0-c648811299e7.webp","was-hilft-schlafberatung-therapieoptionen-wann-abklaeren-orientierung.webp"
"97270596-6986-46cd-a786-ead38ad47758","Was Zahlt Die Kasse Ueberweisung Ecard Kostenuebernahme Orientierung",,"97270596-6986-46cd-a786-ead38ad47758.webp","was-zahlt-die-kasse-ueberweisung-ecard-kostenuebernahme-orientierung.webp"
"11f1171e-4f61-45c5-8c7b-7cd3809d317c","Wichtige Frueherkennungen Darm Brust Gebaermutterhals Haut Einordnung",,"11f1171e-4f61-45c5-8c7b-7cd3809d317c.webp","wichtige-frueherkennungen-darm-brust-gebaermutterhals-haut-einordnung.webp"
"dbf4812a-b703-476e-9070-d69aeb9fd65a","Wichtige Impfungen Im Ueberblick Mmr Hpv Influenza Fsme Pneumokokken",,"dbf4812a-b703-476e-9070-d69aeb9fd65a.webp","wichtige-impfungen-im-ueberblick-mmr-hpv-influenza-fsme-pneumokokken.webp"
"9baeea7c-4234-4202-b36d-0e7804cebcf3","Wie Alkohol Wirkt Koerper Gehirn Schlaf Abbau Einordnung",,"9baeea7c-4234-4202-b36d-0e7804cebcf3.webp","wie-alkohol-wirkt-koerper-gehirn-schlaf-abbau-einordnung.webp"
"144bbdf8-a880-4ce8-a92c-646505a74d8b","Wohin Wann Hausarzt Facharzt Ambulanz Notfall Orientierung",,"144bbdf8-a880-4ce8-a92c-646505a74d8b.webp","wohin-wann-hausarzt-facharzt-ambulanz-notfall-orientierung.webp"
"83392c3b-6e78-47dd-8298-e39fb735077f","Wundermittel Erkennen Typische Muster Von Gesundheitsversprechen",,"83392c3b-6e78-47dd-8298-e39fb735077f.webp","wundermittel-erkennen-typische-muster-von-gesundheitsversprechen.webp"
"6de457d6-980c-40e7-b628-0330474efb9b","Zahngesundheit Bei Kindern Milchzaehne Vorsorge Versiegelung Fluorid Orientierung",,"6de457d6-980c-40e7-b628-0330474efb9b.webp","zahngesundheit-bei-kindern-milchzaehne-vorsorge-versiegelung-fluorid-orientierung.webp"
"cd8278cb-0591-46a5-8fce-41b867e29994","Zahngesundheit Verstehen Karies Parodontitis Vorsorge",,"cd8278cb-0591-46a5-8fce-41b867e29994.webp","zahngesundheit-verstehen-karies-parodontitis-vorsorge.webp"
"b4b75710-1c11-4da5-aed3-32fc149e2a2f","Ziele Setzen Planen Realistisch Kleine Schritte Umsetzungshilfen",,"b4b75710-1c11-4da5-aed3-32fc149e2a2f.webp","ziele-setzen-planen-realistisch-kleine-schritte-umsetzungshilfen.webp"
"b26c87fb-9552-47b5-9e3f-8ee490fb184a","Zucker Mythen Zuckersucht Zucker Macht Krank Richtig Einordnen",,"b26c87fb-9552-47b5-9e3f-8ee490fb184a.webp","zucker-mythen-zuckersucht-zucker-macht-krank-richtig-einordnen.webp"
"9c40197a-87f8-48b3-98d2-87a2e3f78e2f","Zucker Und Getraenke Softdrinks Fruchtsaft Suessstoffe Einordnung",,"9c40197a-87f8-48b3-98d2-87a2e3f78e2f.webp","zucker-und-getraenke-softdrinks-fruchtsaft-suessstoffe-einordnung.webp"
"ad7cdca9-e447-4773-b902-0c7b764b7ff9","Zweitmeinung Alternativen Wann Sinnvoll Wie Fragen",,"ad7cdca9-e447-4773-b902-0c7b764b7ff9.webp","zweitmeinung-alternativen-wann-sinnvoll-wie-fragen.webp"